index	syllables	pieces	method	preview
34	70	1	STAGE2_MANUAL	འདི་དག་ནི་ཕྱིན་ཅི་མ་ལོག་པའི་ཕྱིར་ཐམས་ཅད་ལ་བདེན་ན་འཕགས་པ་རྣམས
55	41	1	STAGE2_MANUAL	ཇི་ལྟར་འཕགས་པ་རྣམས་སྲིད་པའི་རྩེ་མོ་བ་དག་ལ་ཡང་སྡུག་བསྔལ་གྱི་བ
80	42	1	STAGE2_MANUAL	བདེ་བའི་རྒྱུ་འཕེལ་བའམ་མཉམ་པས་ནི་དུས་གཞན་ན་སྡུག་བསྔལ་སྐྱེད་པར
83	48	1	STAGE2_MANUAL	ཇི་སྲིད་དུ་བཀྲེས་པ་དང་སྐོམ་པ་དང་གྲང་བ་དང་ཚ་བ་དང་ངལ་བ་དང་འདོད
97	55	1	STAGE2_MANUAL	བཅོམ་ལྡན་འདས་ཀྱིས་གང་ཅི་ཚོར་ཡང་རུང་དེ་ནི་འདིར་སྡུག་བསྔལ་ལོ་ཞ
104	61	1	STAGE2_MANUAL	དེས་ཀྱང་འདི་སྐད་དུ་བཅོམ་ལྡན་འདས་ཀྱིས་ཅི་ལས་དགོངས་ནས་ཚོར་བ་གས
110	43	1	STAGE2_MANUAL	སྡུག་བསྔལ་དུ་མཐོང་ན་ནི་དེ་ལ་འདོད་ཆགས་དང་བྲལ་བའི་ཕྱིར་ཐར་བར་འ
121	50	1	STAGE2_MANUAL	ཡིད་བདེ་བའི་དབང་པོ་གང་ཡིན་པ་འདི་ནི་བདེ་བའི་ཚོར་བ་ཡིན་པར་བལྟ་
123	73	1	STAGE2_MANUAL	འཇིག་རྟེན་ཡང་ཇི་ལྟར་ན་སྡུག་བསྔལ་གྱི་ཚོར་བ་ལ་རྣམ་པ་གསུམ་དུ་རྟ
136	41	1	STAGE2_MANUAL	དེ་ལུས་ཀྱི་གནས་སྐབས་གང་ཞིག་དང་ཕྲད་ན་བདེ་བའི་རྒྱུ་ཡིན་པ་དེ་ནི
138	49	1	STAGE2_MANUAL	དེ་ཉིད་མི་ཞིམ་པར་ཚོས་པའི་རྒྱུ་ཡང་ཡིན་ལ་བཙོ་བར་བྱ་བའི་འབྱུང་བ
140	42	1	STAGE2_MANUAL	གང་ཡང་གཉེན་པོ་ལ་བདེ་བའི་བློ་སྐྱེ་ཞེས་སྨྲས་པ་དེ་ལ་ཡང་གང་གི་ཚེ
163	61	1	STAGE2_MANUAL	སྲེད་པ་དང་བཅས་པ་དང་སྲེད་པ་དང་བྲལ་བ་གཉི་ག་ཡང་འཆི་བ་ལས་སྲེད་པ་
276	48	1	STAGE2_MANUAL	དེ་ལ་བགྲང་བ་ཞེས་བྱ་བའི་དབུགས་རྔུབ་པ་དང་དབུགས་འབྱུང་བ་དག་ལ་སེ
308	25	2	citation-split	ལུས་ཀྱི་རང་གི་ངོ་བོ་ཅི་ཞེ་ན།
འབྱུང་བ་དང་འབྱུང་བ་ལས་གྱུར་པ་ཉི
358	53	1	STAGE2_MANUAL	གང་གི་ཚེ་གཟུགས་དང་གཟུགས་མེད་པའི་གཉེན་པོ་ལ་སོགས་པ་བདེན་པའི་རྣ
398	52	1	STAGE2_MANUAL	གང་གི་ཚེ་རྣམ་པར་ཉམས་པ་དག་གིས་ཡང་ཐོབ་པ་དེའི་ཚེ་སོ་སོར་ཐར་པའི་
467	43	1	STAGE2_MANUAL	འོན་ཏེ་གཅིག་མཐོང་བས་ལྷག་མ་རྣམས་ལྔ་དབང་ཐོབ་པའི་ཕྱིར་མངོན་པར་ར
468	48	1	STAGE2_MANUAL	འོན་ཏེ་སྡུག་བསྔལ་ཁོ་ན་ཡོངས་སུ་ཤེས་ན་ཀུན་འབྱུང་ཡང་སྤོངས་ལ་འགོ
503	53	1	STAGE2_MANUAL	དད་པ་དང་ཆོས་ཀྱིས་རྗེས་སུ་འབྲང་བ་དེ་དག་ཉིད་གལ་ཏེ་སྔོན་འཇིག་རྟ
505	47	1	STAGE2_MANUAL	གལ་ཏེ་སྔོན་འཇིག་རྟེན་པའི་ལམ་གྱིས་བསྒོམས་ཏེ་སྤང་བར་བྱ་བ་འདོད་
529	45	1	STAGE2_MANUAL	ཉེས་པ་རྣམས་ཇི་ལྟ་བ་དེ་བཞིན་དུ་ཡང་ཡོན་ཏན་རྣམས་ས་དང་ས་ན་དེའི་ག
538	45	1	STAGE2_MANUAL	འཕགས་པའི་ལམ་སྐད་ཅིག་མ་ཆུང་ངུས་ཀྱང་འཁོར་བ་ཐོག་མ་མེད་པ་ནས་བརྒྱ
551	52	1	STAGE2_MANUAL	བྱེ་བྲག་ཏུ་སྨྲ་བ་རྣམས་ན་རེ་དེ་ནི་དེ་ལས་གཞན་པ་སྐྱེ་བའི་སྲིད་པ
555	42	1	STAGE2_MANUAL	གང་ཟག་ལྟ་བ་ཕུན་སུམ་ཚོགས་པ་སྲིད་པ་བརྒྱད་པ་མངོན་པར་འགྲུབ་པ་གང་
599	43	1	STAGE2_MANUAL	བདུན་པ་དང་བརྒྱད་པ་སྤངས་པ་འབྲས་བུ་ཐོབ་པ་ནི་ཇི་སྲིད་དུ་འབྲས་བུ
608	42	1	STAGE2_MANUAL	མངོན་པར་འདུ་བྱེད་པ་དང་བཅས་པས་ཡོངས་སུ་མྱ་ངན་ལས་འདའ་བ་ནི་སྐྱེས
614	47	1	STAGE2_MANUAL	ལམ་ངང་གིས་འབྱུང་བ་དང་ངང་གིས་འབྱུང་བ་མ་ཡིན་པ་དག་ནི་འབད་པ་མེད་
620	50	1	STAGE2_MANUAL	དེ་ལ་འཕར་བ་ཞེས་བྱ་བ་ནི་འདིར་བསམ་གཏན་རྣམ་པར་སྤེལ་ནས་བསམ་གཏན་ད
678	43	1	STAGE2_MANUAL	གང་གི་ཚེ་སྐད་ཅིག་མ་གཉིས་ཟག་པ་མེད་པ་ལ་སྙོམས་པར་འཇུག་ཅིང་སྐད་ཅ
704	59	1	STAGE2_MANUAL	དེ་འགོག་པ་དེ་ལས་ལངས་ནས་གང་ལས་དེ་ནི་འདི་སྙམ་དུ་ཀྱེ་མ་འགོག་པའི
718	41	1	STAGE2_MANUAL	བར་མ་དོར་ཡོངས་སུ་མྱ་ངན་ལས་འདའ་བ་ཇི་ལྟ་བར་གོང་དུ་འཕོ་བའི་བར་ད
728	43	1	STAGE2_MANUAL	འགོག་པ་ལ་རྗེས་སུ་ཤེས་པའི་རྣམ་པ་དག་དང་མཚུངས་པར་ལྡན་པ་བསམ་གཏན་
735	50	1	STAGE2_MANUAL	གང་དག་ལམ་ལ་རྗེས་སུ་ཤེས་པ་ཡང་ས་རེ་རེའི་གཉེན་པོ་ལ་དམིགས་པ་ཡིན་
751	15	2	citation-split	མི་སློབ་པ་རྣམས་གང་ཞེ་ན།
མི་སློབ་པའི་ཟག་པ་མེད་པ་རྣམས་སོ། །
770	45	1	STAGE2_MANUAL	དེ་ལྟ་ན་འཕགས་པའི་ལམ་གྱིས་ཅི་ཡང་མེད་པའི་སྐྱེ་མཆེད་ལས་འདོད་ཆགས
776	50	1	STAGE2_MANUAL	ཡང་དཔེར་ན་སོ་སོའི་སྐྱེ་བོ་བསམ་གཏན་དང་པོ་ཡན་ཆད་དུ་སྐྱེས་པ་འདོ
815	45	1	STAGE2_MANUAL	བསྒོམ་པས་སྤང་བར་བྱ་བ་སྤོང་བར་བྱེད་པ་ས་དགུ་པོ་རེ་རེ་ཞིང་ཡང་ཉོ
851	45	1	STAGE2_MANUAL	གལ་ཏེ་དེ་ལྟ་ན་འོ་ན་ནི་མཐོང་བའི་ལམ་ཁོ་ན་ལ་ལན་གསུམ་དུ་བཟླས་པ་ཡ
885	47	1	STAGE2_MANUAL	ཁ་ཅིག་ནི་དང་པོ་ཉིད་ནས་འཆི་བར་སེམས་པའི་ཆོས་ཅན་གྱི་རིགས་ཅན་ཡིན
889	58	1	STAGE2_MANUAL	གནས་པ་ལས་མི་བསྐྱོད་པ་ནི་ཡོངས་སུ་ཉམས་པར་འགྱུར་བའི་རྐྱེན་སྟོབས
915	41	1	STAGE2_MANUAL	བདག་ཏུ་ལྟ་བ་ནི་བདག་མེད་བཞིན་དུ་གཟུགས་ལ་སོགས་པའི་དངོས་པོ་ལ་བྱ
929	50	1	STAGE2_MANUAL	ཀུན་དགའ་བོ་དགྲ་བཅོམ་པ་ལ་ཡང་རྙེད་པ་དང་བཀུར་སྟིས་བར་ཆད་བྱེད་པ་
932	57	1	STAGE2_MANUAL	བསམ་གཏན་དངོས་གཞིའི་ཏིང་ངེ་འཛིན་ནི་དུས་སུ་མངོན་སུམ་དུ་འགྱུར་བ
963	43	1	STAGE2_MANUAL	རེ་ཞིག་གལ་ཏེ་དགྲ་བཅོམ་པ་ལ་གང་གིས་ན་ཉོན་མོངས་པ་རྣམས་གཏན་ཏུ་མི
966	64	1	STAGE2_MANUAL	འོ་ན་ནི་གང་ལས་འདི་སྐད་དུ་འཕགས་པ་ཉན་ཐོས་ཐོས་པ་དང་ལྡན་པ་དེ་ལྟར
970	58	1	STAGE2_MANUAL	དེ་སྐད་དུ་འབྱུང་བ་ཡང་ཡོད་མོད་ཀྱི་ཇི་སྲིད་དུ་སྤྱོད་པ་ལེགས་པར་
977	72	1	STAGE2_MANUAL	འདི་གཅིག་པུས་སེམས་ཀྱི་རྣམ་པར་གྲོལ་བ་མི་གཡོ་བའི་བར་དུ་ལུས་ཀྱི
989	48	1	STAGE2_MANUAL	དགེ་སློང་དག་འཕགས་པ་ཉན་ཐོས་ཐོས་པ་དང་ལྡན་པ་ལ་དྲན་པ་ཉམས་པ་ཆུང་ང
1003	15	2	citation-split	གང་གི་ཕྱིར།
འཕེལ་བ་འབྲས་བུ་ཁྱད་པར་ཅན། །
བཏང་སྟེ་འབྲས་བུ་ཐོབ་
1048	42	1	STAGE2_MANUAL	བར་ཆད་མེད་པ་དང་རྣམ་པར་གྲོལ་བའི་ལམ་དང་ཁྱད་པ་ཅན་གྱི་ལམ་རྣམས་ཞེ
1063	19	2	citation-split	ལམ་དེ་ཡང་རྣམ་པ་གཉིས་ཏེ།
བློ་རྟུལ་མངོན་ཤེས་བུལ་བ་སྟེ། །
ཅིག་ཤ
1077	24	2	citation-split	ཇི་ལྟར་བྱས་པས་ཤེ་ན།
དྲན་པ་ཉེར་གཞག་ཤེས་རབ་སྟེ། །
བརྩོན་འགྲུས་
1155	41	1	STAGE2_MANUAL	སློབ་པ་ནི་ད་དུང་ཉོན་མོངས་པའི་འཆིང་བ་རྣམས་ཀྱིས་བཅིངས་པ་ཡིན་པས
1237	50	1	STAGE2_MANUAL	རྗེས་སུ་ཤེས་པའི་ཕྱོགས་དང་མཐུན་པ་ལ་དམིགས་པ་ནི་སྦྱོར་བ་གཞན་གྱི
1244	47	1	STAGE2_MANUAL	ལམ་བསྒོམས་སོ་ཞེས་བྱ་བར་ཤེས་པའི་རྒྱུ་ལས་བྱུང་བའི་ཤེས་པ་དང་མཐོ
1247	44	1	STAGE2_MANUAL	ཡང་ཡོངས་སུ་ཤེས་པར་བྱར་མེད་དོ་ཞེས་བྱ་བར་ཤེས་པ་ནས་བདག་གིས་ལམ་བ
1280	52	1	STAGE2_MANUAL	འོ་ན་བཅོམ་ལྡན་འདས་ཀྱིས་འདོད་ཆགས་དང་བཅས་པའི་སེམས་ལ་ཡང་འདོད་ཆག
1326	44	1	STAGE2_MANUAL	གལ་ཏེ་མདོ་ལས་སེམས་དེ་ཉིད་ཞུམ་པ་ཡང་ཡིན་ལ་དེ་ཉིད་རྒོད་པ་ཡང་ཡིན
1345	43	1	STAGE2_MANUAL	ཉོན་མོངས་པ་གཞན་དང་མཚུངས་པར་ལྡན་པའི་སེམས་ཀྱང་འདོད་ཆགས་དང་མཚུང
1384	25	2	citation-split	འོང་བའི་ཚུལ་གྱིས་རྒྱུའོ། །
འབྱུང་བའི་ཚུལ་གྱིས་ཀུན་འབྱུང་བའོ།
1445	22	2	citation-split	འགོག་པ་ཤེས་པ་ནི་གཅིག་སྟེ།
ཆོས་དྲན་པ་ཉེ་བར་གཞག་པ་ཡིན་ནོ། །
ཕ་
1451	15	2	citation-split	ལམ་ཤེས་པའི་དམིགས་པ་ཡང་དགུ་ཡིན་ཏེ།
ཀུན་རྫོབ་ཤེས་པ་མ་གཏོགས་སོ།
1463	12	2	citation-split	ལམ་ཤེས་པའི་ནི་གཉིས་ཏེ།
ཟག་པ་མེད་པ་དག་ཡིན་ནོ། །
1499	43	1	STAGE2_MANUAL	འཇིག་རྟེན་ལས་འདས་པའི་ལམ་གྱི་མཐུས་དེ་ལས་ལངས་ནས་འཇིག་རྟེན་པའི་
1614	41	1	STAGE2_MANUAL	ཀུན་དུ་འགྲོ་བའི་ལམ་མཁྱེན་པའི་སྟོབས་ཇི་ལྟ་བར་ངས་གང་ཉན་ཐོས་རྣམ
1633	20	2	citation-split	རྒྱུད་ལས་ནི་ཉན་ཐོས་ལ་སོགས་པ་དང་།
སངས་རྒྱས་ཀྱི་རྒྱུད་ལས་སྐྱེ་
1658	50	1	STAGE2_MANUAL	གཅིག་ཏུ་རབ་ཏུ་དང་བ་དེ་དག་ནི་དང་བ་ཙམ་གྱིས་ཀྱང་རྣམ་པར་སྨིན་པར་
1717	20	2	citation-split	བསམ་གཏན་མཐའ།
བསམ་གཏན་བཞི་པ་ཡིན་ནོ། །
དེ་ནི་ས་ཀུན་གྱིས་མཐུན་པ
1741	44	1	STAGE2_MANUAL	གཞན་གྱི་སེམས་ཤེས་པར་འདོད་པ་ནི་བདག་གི་ལུས་འདི་འདྲ་བ་ཞིག་ལས་སེ
1785	50	1	STAGE2_MANUAL	རྟོག་བྱེད་ཅེས་བྱ་བའི་རིག་སྔགས་གང་གིས་ན་ཕ་རོལ་གྱི་སེམས་ཤེས་པ་
1845	17	2	citation-split	ལྷའི་མིག་གིས་ཐག་ཇི་སྲིད་ཅིག་མཐོང་ཞེ་ན།
གང་གི་མིག་ཇི་ལྟ་བུ་ཡི
1938	21	2	citation-split	ཅིའི་ཕྱིར་ཞེ་ན།
འདི་ན་དེ་ལྟ་བུ་མ་མཐོང་བའི་ཕྱིར་རོ། །
ཇི་ལྟར་
1958	49	1	STAGE2_MANUAL	འཇིག་རྟེན་ལས་འདས་པའི་སྙོམས་པར་འཇུག་པའི་རྫས་གང་ཡིན་པ་དེ་ནི་ཟག
1985	55	1	STAGE2_MANUAL	བདེ་བའི་དབང་པོ་གང་ཞེ་ན་བདེ་བ་མྱོང་བར་འགྱུར་བའི་རེག་པས་རེག་པ་
1992	58	1	STAGE2_MANUAL	གང་གི་ཚེ་འཕགས་པ་ཉན་ཐོས་རབ་ཏུ་དབེན་པའི་བདེ་བ་ལུས་ཀྱིས་མངོན་སུ
1999	46	1	STAGE2_MANUAL	གལ་ཏེ་ཡན་ལག་ཅུང་ཟད་ཅིག་ནི་ཟག་པ་དང་བཅས་པ་ཅུང་ཟད་ཅིག་ནི་ཟག་པ་མ
2007	44	1	STAGE2_MANUAL	དེ་ལྟ་བས་ན་བསམ་གཏན་དང་པོ་ལ་ཡོད་པའི་ཡན་ལག་ལྔ་པོ་གང་དག་ཡིན་པ་ད
2023	42	1	STAGE2_MANUAL	ཡང་བདེ་བ་ཡང་སྤངས་ཏེ་སྔ་ནས་སྡུག་བསྔལ་ཡང་སྤངས་ཤིང་ཡིད་བདེ་བ་དང
2048	43	1	STAGE2_MANUAL	གལ་ཏེ་བསམ་གཏན་གསུམ་པ་ལ་སོགས་པ་དག་ན་རྣམ་པར་ཤེས་པའི་ཚོགས་གསུམ་
2052	44	1	STAGE2_MANUAL	བསམ་གཏན་གཉིས་པ་ལ་སོགས་པ་དག་ན་ནི་སྤྲུལ་པའི་སེམས་བཞིན་དུ་གང་གི
2062	42	1	STAGE2_MANUAL	དེ་ཉིད་ཀྱི་ཕྱིར་བསམ་གཏན་དག་པ་པ་འདོད་ཆགས་དང་བྲལ་བས་འཐོབ་པར་འག
2109	18	2	citation-split	ས་བརྒྱད་ཅེས་བྱ་བ་ནི་བསམ་གཏན་དང་།
གཟུགས་མེད་པའི་སྙོམས་པར་འཇུག
2116	49	1	STAGE2_MANUAL	དེ་བཞིན་དུ་ལུགས་དང་མི་མཐུན་པ་ཡང་བྱང་བར་བྱས་ནས་ཟག་པ་མེད་པ་རྣམ
2242	42	1	STAGE2_MANUAL	གཞན་སངས་རྒྱས་དང་བྱང་ཆུབ་སེམས་དཔའ་དང་འཕགས་པ་དགྲ་བཅོམ་པའི་ཐོས་
2246	56	1	STAGE2_MANUAL	གལ་ཏེ་དེ་ལ་མཛའ་བོ་ཆེན་པོའི་ཕྱོགས་བཞིན་དུ་བདེ་བར་མོས་པ་མི་ལྡོ
2277	43	1	STAGE2_MANUAL	གཟུགས་མེད་པའི་རྣམ་པར་ཐར་པ་རྣམས་ཀྱི་དམིགས་པ་ནི་རང་གི་ས་པ་དང་ས
2426	46	1	STAGE2_MANUAL	གལ་ཏེ་ཡང་གང་ཟག་རྣམ་པར་ཤེས་པ་དྲུག་གིས་རྣམ་པར་ཤེས་པར་བྱ་བ་ཡིན་
2435	56	1	STAGE2_MANUAL	དེར་ནི་དབང་པོ་ཁོ་ན་ལ་དབང་པོ་ཡིན་པར་མ་གསུངས་ཀྱི་ལྔ་པོ་དང་དེ་ད
2436	41	1	STAGE2_MANUAL	ཡིད་ཀྱི་དབང་པོ་འབའ་ཞིག་གིས་དྲངས་པའི་ཡིད་ཀྱི་རྣམ་པར་ཤེས་པ་གང་
2501	27	2	citation-split	འདིར་སྨྲས་པ།
རྒྱུན་གྱིས་སྤྱོད་པའི་ཕྱིར་ན་དཔེར། །
མེ་ཡིས་ཐམས་
2510	48	1	STAGE2_MANUAL	ཁུར་ཁྱེར་བ་ནི་བཅོམ་ལྡན་འདས་ཀྱིས་ཅི་ནས་ཚེ་དང་ལྡན་པ་མིང་འདི་ཞེ
2511	50	1	STAGE2_MANUAL	རྟག་པའམ་གང་ཟག་ཅེས་བྱ་བ་གཞན་དུ་ཤེས་པར་མི་འགྱུར་བ་དོན་དེ་ཁོ་ནའ
2514	42	1	STAGE2_MANUAL	དེ་ལྟ་བས་ན་འདི་ནི་གང་ཞིག་ཕ་རོལ་དུ་སྐྱེ་བ་པ་སེམས་ཅན་ཞེས་བྱ་བ་
2555	73	1	STAGE2_MANUAL	ཀུན་དགའ་བོ་ཀུན་དུ་རྒྱུ་གནས་པ་དང་རུས་མཐུན་པའི་དྲི་བ་དྲིས་པ་བད
2633	45	1	STAGE2_MANUAL	འདུ་བྱེད་སྐད་ཅིག་པ་རྒྱུན་ཐ་མི་དད་པ་རྣམས་ལ་བྱིས་པ་རྣམས་ཀྱིས་ག
2637	57	1	STAGE2_MANUAL	ཇི་ལྟར་འབྲས་བུ་ནི་ཅུང་ཟད་ཀྱང་མི་བྱེད་མོད་ཀྱི་འདྲ་བར་བདག་ཉིད་
2645	55	1	STAGE2_MANUAL	གལ་ཏེ་རྣམ་པར་ཤེས་པ་ལས་རྣམ་པར་ཤེས་པ་སྐྱེའི་བདག་ལས་མ་ཡིན་ན་ཅིའ
2647	42	1	STAGE2_MANUAL	དེ་ལྟ་མ་ཡིན་ན་བསམ་གཏན་རྫོགས་པས་མཉམ་པར་གཞག་པ་རྣམས་ལས་ལུས་དང་ས
2659	64	1	STAGE2_MANUAL	ཅིའི་ཕྱིར་དེ་དང་འདྲ་བ་ཁོ་ནར་སྐྱེ་བར་མི་འགྱུར་ཞིང་མྱུ་གུ་དང་ས
2737	67	1	STAGE2_MANUAL	ཇི་ལྟར་མ་དུ་ལུང་གའི་མེ་ཏོག་རྒྱ་སྐྱེགས་ཀྱི་ཁུ་བས་ཁ་དོག་བསྒྱུར
2739	44	1	STAGE2_MANUAL	མཐུ་རྣམ་པ་སྣ་ཚོགས་པས་ཐ་དད་པའི་ལས་རྣམས་ཀྱིས་བསྒོས་པའི་རྒྱུ་རྣ
2740	27	2	citation-split	ཡང་སྨྲས་པ།
ལས་དང་དེའི་བསྒོས་དེའི་འཇུག་རྙེད། །
དེ་ལས་འབྲས་བུ་
2743	25	2	citation-split	དེ་ལྟར་འདི་ནི་ཕྱོགས་ཙམ་ཞིག།
རང་གི་མཐུ་ཡིས་རྣམ་འཕེལ་བའི། །
དུ
