index	syllables	preview
0	9	# གནས་དྲུག་པ། ལམ་དང་གང་ཟག་བསྟན་པའི་བཤད་པ།
1	0	༄༅༅། །
2	18	ཇི་སྐད་དུ་སྤངས་པ་ནི་ཡོངས་སུ་ཤེས་པའི་མིང་འཐོབ་པོ་ཞེས་བཤད་པ་དེ
3	12	བདེན་པ་མཐོང་དང་བསྒོམ་པ་ལས། །ཉོན་མོངས་སྤངས་པ་ཞེས་བཤད་པ། །
4	23	ཉོན་མོངས་པ་རྣམས་མཐོང་བས་སྤང་བར་བྱ་བ་དང་། བསྒོམ་པས་སྤང་བར་བྱ་
5	24	 ད་ནི་མཐོང་བ་དང་བསྒོམ་པའི་ལམ་དེ་དག་ཅི་ཟག་པ་མེད་པའམ། ཟག་པ་དང་
6	31	 དེའི་ཕྱིར་འདི་དག་བརྗོད་དེ། བསྒོམ་པའི་ལམ་ནི་རྣམ་གཉིས་ཏེ། །མཐ
7	46	མཐོང་བའི་ལམ་ནི་ཁམས་གསུམ་པའི་གཉེན་པོ་ཡིན་པའི་ཕྱིར་དང་། མཐོང་བ
8	55	བདེན་པ་མཐོང་བ་ལས་ཞེས་བཤད་པ། བདེན་པ་དེ་དག་ཀྱང་གང་ཞིག་ཅེ་ན། བད
9	15	སོ་སོར་བརྟགས་པས་འགོག་པ་གང་། །བྲལ་བའོ་ཞེས་འགོག་པའི་བདེན་བ་བསྟ
10	21	སྡུག་བསྔལ་ཀུན་འབྱུང་འཇིག་རྟེན་དང་། །ཞེས་བྱ་བ་དེར་སྡུག་བསྔལ་ད
11	42	ཅི་འདི་དག་གི་རིམ་པ་འདི་ཁོ་ན་ཡིན་ནམ་ཞེ་ན། སྨྲས་པ། མ་ཡིན་ནོ། །
12	30	དེ་བཞིན་ཞེས་བྱ་བའི་སྒྲ་ནི་རང་གི་ངོ་བོ་ནི་སྔར་ཇི་སྐད་བཤད་པ་དེ
13	36	དེ་ནི། དེ་དག་ཇི་ལྟར་མངོན་རྟོགས་རིམ། །བདེན་པ་གང་ཞིག་སྔར་མངོན་
14	24	ཁ་ཅིག་ནི་སྐྱེ་བ་དང་མཐུན་པ་བསྟན་ཏེ། དཔེར་ན་དྲན་པ་ཉེ་བར་གཞག་པ་
15	56	ཁ་ཅིག་ནི་རབ་ཏུ་བརྟག་པ་དང་མཐུན་པར་བསྟན་ཏེ། དཔེར་ན་ཡང་དག་པར་སྤ
16	14	བདེན་པ་རྣམས་ནི་མངོན་པར་རྟོགས་པ་དང་མཐུན་པར་བསྟན་པ་ཡིན་ནོ། །
17	112	ཅིའི་ཕྱིར་བདེན་པ་རྣམས་དེ་ལྟར་མངོན་པར་རྟོགས་ཤེ་ན། གང་ལ་ཆགས་པ་
18	33	བདེན་པ་རྣམས་ཀྱི་དཔེ་འདི་ནི་མདོ་ལས་ཀྱང་བཤད་དོ། །མདོ་གང་ལས་ཤེ་
19	50	སྔར་འཕངས་པའི་ཕྱིར་ཇི་ལྟར་རྣམ་པར་དཔྱོད་པའི་གནས་སྐབས་ན་བདེན་པ་
20	17	མངོན་པར་རྟོགས་པ་ཞེས་བྱ་བའི་དོན་ནི་ཅི་ཞེ་ན། མངོན་པར་ཡང་དག་པར་
21	46	ཅིའི་ཕྱིར་ཟག་པ་མེད་པ་ཁོ་ན་ཡིན་གྱི་ཟག་པ་དང་བཅས་པ་མ་ཡིན་ཞེ་ན། 
22	63	དེ་ལ་ཉེ་བར་ལེན་པའི་ཕུང་པོ་འབྲས་བུར་གྱུར་པ་རྣམས་ནི་སྡུག་བསྔལ་
23	11	འགོག་པ་དང་ལམ་ནི་རྫས་སུ་ཡང་བྱེ་བྲག་ཡོད་དོ། །
24	36	མདོ་ལས་འཕགས་པའི་བདེན་པ་རྣམས་ཞེས་འབྱུང་བ་དེའི་དོན་ཅི་ཞེ་ན། འད
25	9	ཅི་འདི་དག་གཞན་རྣམས་ལ་བརྫུན་ནམ་ཞེ་ན།
26	69	 འདི་དག་ནི་ཕྱིན་ཅི་མ་ལོག་པའི་ཕྱིར་ཐམས་ཅད་ལ་བདེན་ན་འཕགས་པ་རྣམ
27	31	 ཚིགས་སུ་བཅད་པ་ལས། འཕགས་པས་བདེ་བར་གང་གསུངས་པ། །དེ་ནི་གཞན་གྱི
28	30	གཞན་དག་ན་རེ་གཉིས་ནི་འཕགས་པ་རྣམས་ཀྱི་བདེན་པ་ཡིན་ལ། གཉིས་ནི་འཕ
29	33	གང་གི་ཚེ་ཚོར་བའི་ཕྱོགས་གཅིག་སྡུག་བསྔལ་གྱི་རང་བཞིན་ཡིན་པ་དེའི
30	25	 ཡིད་འོང་ཡིད་དུ་མི་འོང་དང་། །དེ་ལས་གཞན་ཟག་བཅས་རྣམས་ཉིད། །སྡུ
31	94	སྡུག་བསྔལ་ཉིད་ནི་གསུམ་སྟེ། སྡུག་བསྔལ་གྱི་སྡུག་བསྔལ་ཉིད་དང་། 
32	57	ཡིད་དུ་འོང་བ་ནི་གང་དག་ཡིན། ཡིད་དུ་མི་འོང་བ་ནི་གང་དག་ཡིན། གཉི
33	33	བདེ་བའི་ཚོར་བ་ནི་འགྱུར་བའི་སྡུག་བསྔལ་ཉིད་དེ། མདོ་ལས། བདེ་བའི
34	38	སྡུག་བསྔལ་ནི་སྡུག་བསྔལ་གྱི་རང་གི་ངོ་བོ་ཁོ་ནས་སྡུག་བསྔལ་བ་ཉིད
35	59	བདེ་བ་ཡང་མ་ཡིན། སྡུག་བསྔལ་བ་ཡང་མ་ཡིན་པའི་ཚོར་བ་ནི་རྐྱེན་གྱིས
36	34	གཞན་དག་ན་རེ་སྡུག་བསྔལ་ཉིད་སྡུག་བསྔལ་ཉིད་ཡིན་པས་སྡུག་བསྔལ་གྱི
37	29	འགྱུར་བ་ཡང་སྡུག་བསྔལ་གྱི་སྡུག་བསྔལ་དག་ནི་ཡིད་དུ་འོང་བ་དང་ཡིད
38	26	འདུ་བྱེད་ཐམས་ཅད་ནི་འདུ་བྱེད་ཀྱི་སྡུག་བསྔལ་ཉིད་ཀྱིས་སྡུག་བསྔལ
39	51	འདིར་སྨྲས་པ། ལག་མཐིལ་སྤུ་ཉག་གཅིག་འདུག་པ། །མི་རྣམས་ཀྱིས་ནི་མི
40	40	ཇི་ལྟར་འཕགས་པ་རྣམས་སྲིད་པའི་རྩེ་མོ་བ་དག་ལ་ཡང་སྡུག་བསྔལ་གྱི་བ
41	100	དེ་ལྟ་ན་འོ་ན་ནི་ལམ་ཡང་འདུས་བྱས་ཡིན་པའི་ཕྱིར་འདུ་བྱེད་ཀྱི་སྡུ
42	26	གང་གི་ཚེ་འདི་དག་ལ་བདེ་བ་ཡང་ཡོད་པ་དེའི་ཚེ་ཅིའི་ཕྱིར་སྡུག་བསྔལ
43	48	 ཁ་ཅིག་ན་རེ་བདེ་བ་མྱོང་བའི་ཕྱིར་ཏེ། མོན་སྲན་སྡེའུ་ལ་སོགས་པ་ཡ
44	28	 ཡང་སྨྲས་པ། སྡུག་བསྔལ་གྱི་ནི་རྒྱུ་ཕྱིར་དང་། །སྡུག་བསྔལ་མང་པོ
45	46	སྲིད་པ་ཐམས་ཅད་ནི་བདེ་བ་དང་བཅས་ཏེ་འདུ་བྱེད་ཀྱི་སྡུག་བསྔལ་དུ་ར
46	95	ད་ནི་ཇི་ལྟར་བདེ་བའི་རང་བཞིན་གྱི་ཚོར་བ་རྣམས་ལ་སྡུག་བསྔལ་དུ་ལྟ
47	39	གཟུགས་དང་གཟུགས་མེད་པར་སྐྱེས་པ་དག་གིས་འཕགས་པ་རྣམས་ལ་ཡང་ཇི་ལྟར
48	88	མདོ་ལས་འདུ་བྱེད་ཀྱི་སྡུག་བསྔལ་ཉིད་ཀྱང་ཅིའི་ཕྱིར་གསུངས་པར་གྱུ
49	22	ཁ་ཅིག་ན་རེ་བདེ་བའི་ཚོར་བ་ཞེས་བྱ་བ་ནི་མེད་པ་ཉིད་དེ། ཐམས་ཅད་སྡ
50	77	འདི་ཇི་ལྟར་ཁོང་དུ་ཆུད་ཅེ་ན། མདོ་དང་། རིགས་པ་ལས་ཏེ། རེ་ཞིག་མད
51	133	རིགས་པ་ལས་ཇི་ལྟ་བུ་ཞེ་ན། བདེ་བའི་རྒྱུ་རྣམ་པར་མི་གནས་པའི་ཕྱིར
52	121	སྡུག་བསྔལ་གྱི་གཉེན་པོ་དང་སྡུག་བསྔལ་གྱི་བྱེ་བྲག་ལ་བདེ་བའི་བློ
53	13	དེ་ལྟ་བས་ན་བདེ་བ་ནི་མེད་པ་ཁོ་ནའོ་ཞེས་ཟེར་རོ། །
54	17	ཆོས་མངོན་པ་པ་རྣམས་ན་རེ། ཡོད་པ་ཉིད་དོ་ཞེས་ཟེར་ཏེ། འདི་ཉིད་རིག
55	296	ཇི་ལྟར་བྱས་པས་ཤེ་ན། རེ་ཞིག་བདེ་བ་ལ་སྐུར་བ་འདེབས་པ་དེ་ལ་འདི་ད
56	96	བཅོམ་ལྡན་འདས་ཀྱིས་གང་ཅི་ཚོར་ཡང་རུང་དེ་ནི་འདིར་སྡུག་བསྔལ་ལོ་ཞ
57	214	གལ་ཏེ་ཚོར་བ་ཐམས་ཅད་རང་བཞིན་གྱིས་སྡུག་བསྔལ་བ་ཞིག་ཡིན་པར་གྱུར་
58	121	གང་ཡང་བདེ་བའི་ཚོར་བ་ནི་སྡུག་བསྔལ་དུ་བལྟ་བར་བྱའོ་ཞེས་གསུངས་པ་
59	16	དེ་རང་གི་ངོ་བོས་བདེ་ཞེས་བྱ་བ་འདི་ཇི་ལྟར་ཁོང་དུ་ཆུད་ཅེ་ན།
60	29	 འདི་ལྟར། རྫོགས་པའི་སངས་རྒྱས་རབ་མཁྱེན་གྱིས། །འདུ་བྱེད་མི་རྟག
61	109	གང་ཡང་སྡུག་བསྔལ་ལ་བདེ་བའོ་སྙམ་དུ་འདུ་ཤེས་ཕྱིན་ཅི་ལོག་གོ་ཞེས་
62	12	དེ་ལྟ་བས་ན་བདེ་བའི་ཚོར་བ་མེད་པར་མི་འགྲུབ་པོ། །
63	155	གལ་ཏེ་ཚོར་བ་ཐམས་ཅད་རང་གི་ངོ་བོ་ཁོ་ནས་སྡུག་བསྔལ་བ་ཡིན་པར་འགྱུ
64	155	འཇིག་རྟེན་ཡང་ཇི་ལྟར་ན་སྡུག་བསྔལ་གྱི་ཚོར་བ་ལ་རྣམ་པ་གསུམ་དུ་རྟ
65	105	ཚོར་བ་ཆུང་ངུ་ལ་ནི་ཉམས་སུ་མྱོང་བ་ཤིན་ཏུ་གསལ་བ་དང་ཤས་ཆེན་པོར་འ
66	68	བཅོམ་ལྡན་འདས་ཀྱིས་ཀྱང་མིང་ཆེན་གལ་ཏེ་གཟུགས་གཅིག་ཏུ་སྡུག་བསྔལ་
67	161	གང་ཡང་བདེ་བའི་རྒྱུ་རྣམ་པར་མི་གནས་པའི་ཕྱིར་རོ་ཞེས་སྨྲས་པ། དེ་
68	101	བསམ་གཏན་དག་ན་ཡང་བདེ་བའི་རྒྱུ་ཇི་ལྟར་རྣམ་པར་མི་གནས་པ་ཡིན། གང་
69	65	ཁུར་སྦེད་པ་ལ་ཡང་ཇི་སྲིད་དུ་ལུས་ཀྱི་གནས་སྐབས་དེ་ལྟ་བུ་མེད་པར་
70	42	གལ་ཏེ་དང་པོ་ནས་རྩོམ་པ་ཞིག་མེད་ན་མཇུག་ཏུ་སྡུག་བསྔལ་གྱི་བློར་ག
71	42	དེ་ལྟ་བས་ན་བདེ་བའི་ཚོར་བ་ཡོད་པ་ཁོ་ནའོ་ཞེས་བྱ་བ་ཡང་གྲུབ་ལ། སྡ
72	55	ཀུན་འབྱུང་གི་བདེན་པ་གང་ཡིན་པ་དེ་ཉིད་སྡུག་བསྔལ་གྱི་བདེན་པ་ཡིན
73	9	འདི་ཇི་ལྟར་ཁོང་དུ་ཆུད་པར་བྱ་ཞེ་ན།
74	103	 གཞན་ལས་གཞན་ཡང་ཡིན་པར་གསུངས་པའི་ཕྱིར་ཏེ། བཅོམ་ལྡན་འདས་ཀྱིས། 
75	116	གཞན་ཡང་མངོན་པར་འགྲུབ་པའི་རྒྱུ་བཀའ་སྩོལ་པ་ན་ནི་ཀུན་འབྱུང་གི་བ
76	109	སྐྱེ་བ་ནི་གང་ཡིན། མངོན་པར་འགྲུབ་པ་ནི་གང་ཡིན་ཞེ་ན། ཁམས་དང་འགྲ
77	188	མངོན་པར་གྲུབ་པའི་རྒྱུ་སྲེད་པ་ཡིན་ནོ་ཞེས་བྱ་བ་འདི་ལ་རིགས་པ་ཅི
78	34	བཅོམ་ལྡན་འདས་ཀྱིས་བདེན་པ་བཞི་ཞེས་ཀྱང་གསུངས། ཀུན་རྫོབ་ཀྱི་བདེ
79	24	གང་ལ་བཅོམ་དང་བློ་ཡིས་གཞན། །བསལ་ན་དེ་བློ་མི་འཇུག་པ། །བུམ་ཆུ་བ
80	36	གང་ལ་ཆ་ཤས་སུ་བཅོམ་ན་དེའི་བློ་མི་འཇུག་པ་དེ་ནི་ཀུན་རྫོབ་ཏུ་ཡོད
81	44	གང་ལ་བློས་ཆོས་གཞན་བསལ་ན་དེའི་བློ་མི་འཇུག་པ་དེ་ཡང་ཀུན་རྫོབ་ཏུ
82	51	དེ་དག་ཁོ་ན་ལ་ཀུན་རྫོབ་ཏུ་དེའི་མིང་དུ་བཏགས་པ་ཡིན་པས་ཀུན་རྫོབ་
83	80	དེ་ལས་གཞན་པ་ནི་དོན་དམ་པའི་བདེན་པ་སྟེ། གང་ལ་བཅོམ་ཡང་དེའི་བློ་
84	14	དེ་ནི་དོན་དམ་པར་ཡོད་པའི་ཕྱིར་དོན་དམ་པའི་བདེན་པ་ཞེས་བྱའོ། །
85	51	སྔོན་གྱི་སློབ་དཔོན་རྣམས་ན་རེ། ཇི་ལྟར་འཇིག་རྟེན་ལས་འདས་པའི་ཤེ
86	5	བདེན་པ་རྣམས་བཤད་ཟིན་ཏོ། །
87	23	ཇི་ལྟར་ན་དེ་དག་མཐོང་བར་འགྱུར་བ་བརྗོད་པར་བྱ་སྟེ། དེའི་ཕྱིར་དང
88	12	ཚུལ་གནས་ཐོས་དང་བསམ་གཏན་པ། །བསྒོམ་པ་ལ་ནི་རབ་ཏུ་སྦྱོར། །
89	57	བདེན་པ་རྣམས་མཐོང་བར་འདོད་པ་ནི་དང་པོ་ཁོ་ནར་ཚུལ་ཁྲིམས་སྲུང་བར་
90	29	དེ་ཐོས་པ་ལས་བྱུང་བའི་ཤེས་རབ་ལ་བརྟེན་ནས་བསམ་པ་ལས་བྱུང་བ་སྐྱེའ
91	9	ཤེས་རབ་འདི་དག་གི་མཚན་ཉིད་ཅི་ཞེ་ན།
92	12	 ཐོས་སོགས་ལས་བྱུང་བློ་རྣམས་ནི། །མིང་དང་གཉི་ག་དོན་ཡུལ་ཅན། །
93	132	བྱེ་བྲག་ཏུ་སྨྲ་བ་རྣམས་ན་རེ་ཐོས་པ་ལས་བྱུང་བའི་ཤེས་རབ་ནི་མིང་ལ
94	126	གཞན་དག་ན་རེ་རྟོག་པ་འདི་ལ་ནི་མིང་ལ་དམིགས་པ་གང་ཡིན་པ་དེ་ནི་ཐོས
95	54	དེ་ལྟར་བསྒོམ་པ་ལ་རབ་ཏུ་བརྩོན་པ་དེ་ཇི་ལྟར་ན་སྒོམ་པ་རྫོགས་པར་འ
96	30	འོ་ན་བསྲིངས་པ་དེ་གཉིས་སུ་ལ་སླ་ཞེ་ན། འདོད་པ་ཆུང་བ་དང་། ཆོག་ཤེ
97	29	ཆོག་མི་ཤེས་པ་འདི་ནི་གང་ཞིག་ཡིན་ནོ། །འདོད་ཆེན་ཅན་ནི་གང་ཞིག་ཡི
98	49	ཆོས་མངོན་པ་པ་རྣམས་ན་རེ་ཆོས་གོས་ལ་སོགས་པ་གྱ་ནོམ་པ་རྙེད་པ་ལ་ཡང
99	40	ཡང་དང་ཡང་དུ་འདོད་པ་དེ་ཡང་མ་རྙེད་པ་ཁོ་ན་ལ་ཡིན་གྱི་རྙེད་པ་ལ་ནི
100	44	འདི་ལྟར་ནི་རུང་སྟེ། གྱ་ནོམ་པ་མ་ཡིན་པ་དང་། མང་པོ་མ་ཡིན་པ་རྙེད
101	35	བཟློག་པ་དེ་ཡི་གཉེན་པོ་དག །ཆོག་མི་ཤེས་པ་དང་། འདོད་ཆེན་ཅན་ལས་བ
102	42	དེ་གཉིས་ཁམས་གསུམ་གཏོགས་དྲི་མེད། །དེའི་གཉེན་པོ་ཞེས་བྱ་བར་སྦྱར
103	114	འདོད་ཆེན་ཆུང་བ་དང་ཆོག་ཤེས་པ་འདི་གཉིས་ཀྱི་རང་བཞིན་ཅི་ཞེ་ན། མ་
104	23	ཇི་ལྟར་ན་མ་ཆགས་པའི་རང་བཞིན་ཡིན་ཞེ་ན། སྲིད་པ་དང་འདོད་པའི་འདོད
105	87	ཡང་བཅོམ་ལྡན་འདས་ཀྱིས་འཕགས་པའི་རིགས་བཞིས་ཅི་ཞིག་བསྟན་ཅེ་ན། གས
106	93	ཅིའི་ཕྱིར་ཚུལ་འདི་ལྟ་བུ་དང་། ལས་འདི་ལྟ་བུ་བཅས་ཤེ་ན། སྲེད་པ་ས
107	12	བདག་གི་བདག་འཛིན་དངོས་འདོད་པ། །དེ་ཡི་དུས་དང་གཏན་ཞི་ཕྱིར། །
108	71	དོན་དེ་ཉིད་རྣམ་གྲངས་ཀྱིས་སྟོན་པ་སྟེ། བདག་གིར་འཛིན་པའི་དངོས་པ
109	15	ཇི་ལྟ་བུའི་བསྒོམ་པ་ཡོངས་སུ་རྫོགས་པར་འགྱུར་བ་འདི་ནི་བཤད་ཟིན་ཏ
110	18	དེ་ལྟར་སྣོད་དུ་གྱུར་པ་དེ་ཇི་ལྟར་ན་བསྒོམ་པ་དེ་ལ་འཇུག་པ་ཡིན་ཞེ
111	109	 དེ་ལ་འཇུག་པ་མི་སྡུག་དང་། །དབུགས་རྔུབ་འབྱུང་བ་དྲན་པ་ཡིས། །དྲ
112	47	ཁ་ཅིག་ན་རེ་འདི་ནི་སྣ་ཚོགས་ལ་མི་དམིགས་པའི་ཕྱིར་རྣམ་པར་རྟོག་པ་
113	38	གཞན་དག་ན་རེ་ཁ་ཕྱིར་མ་བལྟས་པའི་ཕྱིར་ཏེ། མི་སྡུག་པ་ནི་མིག་གི་ར
114	96	དེ་ལ་འདོད་ཆགས་ནི་རྣམ་པ་བཞི་སྟེ། ཁ་དོག་གི་འདོད་ཆགས་དང་། དབྱིབ
115	29	བྱེ་བྲག་མེད་པར་ནི། ཀེང་རུས་ཆགས་བཅས་ཐམས་ཅད་ལ། །ཤིས་ཏེ། རུས་པའ
116	31	མོས་པ་དང་ཉི་ཚེ་བ་ཡིད་ལ་བྱེད་པ་ཡིན་པའི་ཕྱིར་མི་སྡུག་པས་ཉོན་མོ
117	33	མི་སྡུག་པ་བསྒོམ་པའི་རྣལ་འབྱོར་སྤྱོད་པ་དེ་ནི་རྣམ་པ་གསུམ་དུ་བར
118	14	དེ་ལ་རུས་པ་རྒྱ་མཚོའི་བར་དུ་ནི། །སྤྲོ་ཞིང་སྡུད་པ་ལས་དང་པོ། །
119	168	མི་སྡུག་པ་བསྒོམ་པར་འདོད་པའི་རྣལ་འབྱོར་སྤྱོད་པ་ནི་དང་པོ་ཉིད་ད
120	12	རྐང་རུས་ནས་ནི་ཐོད་ཕྱེད་པར། །བཏང་བས་སྦྱང་བ་བྱས་པར་བཤད། །
121	56	དེ་སེམས་བསྡུ་བ་ཁྱད་པར་ཅན་དུ་བྱ་བའི་ཕྱིར་རུས་པའི་ཀེང་རུས་དེ་ལ
122	49	སྨིན་མའི་བར་དུ་སེམས་འཛིན་པས། ཡིད་ལ་བྱེད་པ་རྫོགས་པ་ཡིན། དེ་ཐོ
123	68	དམིགས་པ་ཆུང་བས་ཆུང་ལ་དབང་ཆུང་བས་མ་ཡིན་པས་ཡང་མི་སྡུག་པ་ཡང་ཡོད
124	24	ཡང་མི་སྡུག་པ་འདིའི་རང་བཞིན་ཅི་ཞིག་ཡིན། ས་ནི་དུ་ཞིག་ཡིན། དམིག
125	182	 གོ་རིམས་བཞིན་དུ། མི་སྡུག་མ་ཆགས་ས་བཅུ་དང་། དམིགས་པ་འདོད་སྣང་
126	14	མི་སྡུག་པའི་མཚན་ཉིད་རབ་ཏུ་དབྱེ་བ་དང་བཅས་ཏེ་བཤད་ཟིན་ཏོ། །
127	164	དབུགས་རྔུབ་དབུགས་འབྱུང་དྲན་པ་ནི། །ཤེས་རབ་ས་ལྔ་སྤྱོད་ཡུལ་རླུང
128	47	གང་དག་བསམ་གཏན་དངོས་གཞི་དག་ན་ཡང་སྙོམས་པར་ཞུགས་པ་ལ་བཏང་སྙོམས་ཀ
129	45	དེའི་དམིགས་པ་ནི་རླུང་ཡིན་ནོ། །འདོད་པའི་ཁམས་ཀྱི་རྟེན་ཅན་ཡིན་ན
130	28	ཆོས་འདི་པ་རྣམས་ཁོ་ནའི་ཡིན་གྱི། ཕྱི་པའི་མ་ཡིན་ནོ། །ལུང་མེད་པའ
131	44	དེ་ཡང་བགྲང་བ་ལ་སོགས་པ་རྣམ་པ་དྲུག །དེ་ནི་བགྲང་བ་དང་རྗེས་སུ་འག
132	161	དེ་ལ་བགྲང་བ་ཞེས་བྱ་བའི་དབུགས་རྔུབ་པ་དང་དབུགས་འབྱུང་བ་དག་ལ་སེ
133	104	རྗེས་སུ་འགྲོ་བ་ཞེས་བྱ་བ་ནི་འདི་དག་ཐག་ནི་ཇི་སྲིད་གཅིག་ཏུ་འབྱུ
134	35	གཞན་དག་ན་རེ་རླུང་གི་དཀྱིལ་འཁོར་དང་རྣམ་པར་འཐོར་བྱེད་ཀྱི་རླུང་
135	48	འཇོག་པ་ཞེས་བྱ་བ་ནི་ནོར་བུའི་ཐག་པ་བཞིན་དུ་སྣའི་རྩེ་མོ་ནས་རྐང་
136	59	ཉེ་བར་རྟོག་པ་ནི་འདི་དག་ནི་རླུང་འབའ་ཞིག་མ་ཡིན་གྱི་འབྱུང་བ་ཆེན
137	33	བསྒྱུར་བ་ཞེས་བྱ་བ་ནི་རླུང་ལ་དམིགས་པའི་བློ་བསྒྱུར་ཏེ་ཆོས་ཀྱི་
138	13	ཡོངས་སུ་དག་པ་ནི་མཐོང་བའི་ལམ་ལ་སོགས་པ་ལ་འཇུག་པའོ། །
139	40	གཞན་དག་ན་རེ་བསྒྱུར་བ་ནི་དྲན་པ་ཉེ་བར་གཞག་པ་ནས་རྡོ་རྗེ་ལྟ་བུའི
140	37	དབུགས་རྔུབ་དབུགས་འབྱུང་དྲན་པ་ནི། །བགྲང་དང་རྗེས་འགྲོ་འཇོག་པ་ད
141	31	དེ་ལ། དབུགས་རྔུབ་དབུགས་འབྱུང་གང་ལས་ལུས། །འདི་གཉིས་ནི་ལུས་ཀྱི
142	110	དབུགས་རྔུབ་པ་དང་དབུགས་འབྱུང་བ་ནི་གཟུགས་མེད་པ་དང་། ནུར་ནུར་པོ
143	31	དབུགས་རྔུབ་པ་དང་དབུགས་འབྱུང་བ་འདི་གཉིས་ནི། སེམས་ཅན་ཞེས་བྱ། ས
144	48	རྒྱུ་མཐུན་ལས་བྱུང་། ལུས་རྒྱས་པས་འགྲིབ་པར་འགྱུར་བའི་ཕྱིར་དང་།
145	36	འོག་མ་ཡི། ཡིད་ཀྱིས་དེ་གཉིས་མི་རྟོགས་སོ། །དེ་གཉིས་ནི་རང་གི་ས་
146	6	འཇུག་པའི་སྒོ་གཉིས་བཤད་ཟིན་ཏོ། །
147	25	དེ་གཉིས་ཀྱི་ཏིང་ངེ་འཛིན་ཐོབ་ནས། ལྷག་མཐོང་བསྒྲུབ་པར་བྱ་བའི་ཕྱ
148	4	ཇི་ལྟར་བྱ་ཞེ་ན།
149	12	 ལུས་ཚོར་སེམས་དང་ཆོས་རྣམས་ལ། །མཚན་ཉིད་གཉིས་སུ་ཡོངས་བརྟགས་པས།
150	118	ལུས་དང་། ཚོར་བ་དང་། སེམས་དང་ཆོས་རྣམས་ལ་རང་དང་སྤྱིའི་མཚན་ཉིད་
151	36	ཡང་དྲན་པ་ཉེ་བར་གཞག་པ་རྣམས་ཀྱི་རང་བཞིན་ཅི་ཞེ་ན། དྲན་པ་ཉེ་བར་ག
152	63	དེ་ལ་རང་བཞིན་གྱི་དྲན་པ་ཉེ་བར་གཞག་པ་ནི། ཤེས་རབ་བོ། །ཤེས་རབ་ཇི
153	6	གཞན་ནི་འབྲེལ་དང་དམིགས་པ་ལས། །
154	32	གཞན་དེ་དང་ལྷན་ཅིག་འབྱུང་བའི་ཆོས་རྣམས་ནི་འབྲེལ་པའི་དྲན་པ་ཉེ་བ
155	39	རང་བཞིན་གྱི་དྲན་པ་ཉེ་བར་གཞག་པ་ཤེས་རབ་ཡིན་ནོ་ཞེས་བྱ་བ་འདི་ག་ལ
156	65	རྗེས་སུ་ལྟ་བ་ཞེས་བྱ་བ་ཅི་ཞེ་ན། ཤེས་རབ་སྟེ། དེས་དེ་དང་ལྡན་པ་ར
157	55	ཅིའི་ཕྱིར་ཤེས་རབ་ལ་དྲན་པ་ཉེ་བར་གཞག་པ་ཞེས་བཤད་ཅེ་ན། བྱེ་བྲག་ཏ
158	98	འདི་ལྟར་ནི་རུང་སྟེ། འདིས་དྲན་པ་ཉེ་བར་འཇོག་པས་ན་དྲན་པ་ཉེ་བར་ག
159	70	གང་ལས་དགེ་སློང་དག་ཇི་ལྟར་ན་དྲན་པ་ཉེ་བར་གཞག་པ་རྣམས་ཀུན་འབྱུང་
160	32	འདི་དག་གི་མིང་ནི་དམིགས་པ་ཇི་ལྟ་བ་བཞིན་ནོ། །འདི་དག་རང་དང་གཞན་
161	68	རིམ་ནི་ཇི་ལྟར་སྐྱེ་བ་བཞིན་ཅིའི་ཕྱིར་དེ་ལྟར་སྐྱེ་ཞེ་ན། བྱེ་བྲ
162	6	ཕྱིན་ཅི་ལོག་གི་གཉེན་པོར་བཞི། །
163	37	གཙང་བ་དང་བདེ་བ་དང་རྟག་པ་དང་བདག་ཏུ་ཕྱིན་ཅི་ལོག་རྣམ་པ་བཞིའི་གཉ
164	55	དེ་དག་ལས་གསུམ་ནི་མ་འདྲེས་པ་ལ་དམིགས་པ་ཡིན་ནོ། །བཞི་པ་ནི་གཉི་ག
165	19	དེ་ལྟར་ལུས་ལ་སོགས་པ་ལ་དམིགས་པའི་དྲན་པ་ཉེ་བར་གཞག་པ་རྣམས་གོམས་
166	25	 དེ་ནི་ཆོས་དྲན་ཉེ་གཞག་པ། །སྤྱི་ལ་དམིགས་པ་ལ་གནས་ཏེ། །དེ་དག་ལ་
167	42	ཆོས་དྲན་པ་ཉེ་བར་གཞག་པར་འདྲེས་པ་ལ་དམིགས་པ་ལ་གནས་ཏེ། ལུས་ལ་སོག
168	7	དེ་ལས་དྲོ་བར་གྱུར་པ་འབྱུང་། །
169	57	ཆོས་དྲན་པ་ཉེ་བར་གཞག་པ་ལ་དེ་ལྟར་གོམས་པ་ལས་རིམ་གྱིས་དགེ་བའི་རྩ
170	6	དེ་ནི་བདེན་བཞི་སྤྱོད་ཡུལ་ཅན། །
171	19	དྲོ་བར་གྱུར་པ་དེ་ནི་རྒྱུན་ཆགས་པ་ཡིན་པའི་ཕྱིར་བདེན་པ་བཞི་ལ་དམ
172	93	རྣམ་པ་བཅུ་དྲུག །སྡུག་བསྔལ་ལ་མི་རྟག་པ་དང་། སྡུག་བསྔལ་བ་དང་། ས
173	3	དྲོ་བ་ལས། རྩེ་མོ། །
174	81	དྲོ་བ་ཆུང་ངུ་དང་འབྲིང་དང་ཆེན་པོའི་རིམ་གྱིས་མངོན་པར་འཕེལ་བ་ལས
175	6	གཉི་ག་ཆོས་ཀྱི་རྣམ་པ་གཏོད། །
176	42	དྲོ་བར་གྱུར་པ་དང་རྩེ་མོ་གཉིས་ཀ་ཆོས་དྲན་པ་ཉེ་བར་གཞག་པས་རྣམ་པ་
177	44	གཞན་དག་གིས་ཀྱང་འཕེལ་བར་བྱེད། དྲན་པ་ཉེ་བར་གཞག་པ་བཞི་ཆར་གྱིས་ཀ
178	51	དེ་ལས་བཟོད་པ་ཡང་སྐྱེ་སྟེ། དེ་ཆུང་ངུ་དང་འབྲིང་དང་ཆེན་པོའི་རིམ
179	6	དེ་ལ་རྣམ་པ་གཉིས་དེ་བཞིན། །
180	29	རྩེ་མོ་རྣམས་ཇི་སྐད་བཤད་པ་ལྟར་བཟོད་པ་ཆུང་ངུ་དང་འབྲིང་དག་ཀྱང་ད
181	37	རྣམ་པར་འཕེལ་བ་ལ་ནི་ཁྱད་པར་འདི་ཡོད་དེ། བཟོད་པ་ནི། ཐམས་ཅད་ཆོས་
182	6	ཆེན་པོ་འདོད་གཏོགས་སྡུག་བསྔལ་ཡུལ། །
183	57	བཟོད་པ་ཞེས་བྱ་བར་སྦྱར་ཏེ། དེ་ནི་ཆོས་ཀྱི་མཆོག་དང་ཉེ་བའི་ཕྱིར་
184	90	གང་གི་ཚེ་གཟུགས་དང་གཟུགས་མེད་པའི་གཉེན་པོ་ལ་སོགས་པ་བདེན་པའི་རྣ
185	82	དེ་བཞིན་དུ་ཆོས་མཆོག། དེ་དག་ཀྱང་བཟོད་པ་ཆེན་པོ་ཇི་ལྟ་བ་བཞིན་དུ
186	28	དྲོ་བར་གྱུར་པ་ལ་སོགས་པ་དེ་དག་ནི་དྲན་པ་ཉེ་བར་གཞག་པའི་རང་བཞིན་
187	11	ཐམས་ཅད་ཕུང་པོ་ལྔ། འཁོར་དང་བཅས་ཏེ་སྨོས་པའི་ཕྱིར་རོ། །
188	40	ཐོབ་པ་མ་གཏོགས། ཐོབ་པ་རྣམས་ནི་དྲོ་བར་གྱུར་པ་ལ་སོགས་པས་མ་བསྡུས
189	241	དེ་ལ་བདེན་པ་གསུམ་ལ་དམིགས་པའི་དྲོ་བར་གྱུར་པ་རྣམ་པ་གཏོད་པ་ལ་ནི
190	80	དེ་ལྟ་ན་ངེས་འབྱེད་ཆ་མཐུན་རྣམ་པ་བཞི་བཞི་པོ་འདི་དག་ནི་ངེས་པར་འ
191	91	ངེས་པར་འབྱེད་པའི་ཆ་དང་མཐུན་པ་རྣམས་ཞེས་བྱ་བའི་དོན་ཅི་ཞེ་ན། ངེ
192	28	ངེས་པར་འབྱེད་པའི་ཆ་དང་མཐུན་པ་ནི་རྣམ་པ་འདི་བཞི་ཆར་ཡང་། བསྒོམས
193	36	མི་ལྕོགས་མེད་པ་དང་། ཁྱད་པར་བསམ་གཏན་ས་པའོ། །འདིའི་ས་པ་ནི་མི་ལ
194	40	མཐོང་བའི་ལམ་གྱི་འཁོར་ཡིན་པའི་ཕྱིར་གོང་ན་མེད་དོ། །དེ་མེད་པ་ནི
195	42	དེ་དག་གི་རྣམ་པར་སྨིན་པ་ནི་གཟུགས་ཀྱི་ཁམས་ཀྱི་ཕུང་པོ་ལྔ་ཡིན་ནོ
196	44	གཉིས་ནི་འོག་ནའང་ཡོད་པའམ། འམ་ཞེས་བྱ་བའི་སྒྲ་ནི་ལུགས་ཐ་དད་པའི་
197	114	བཞི་པོ་དེ་དག་ཐམས་ཅད་ཀྱང་། འདོད་རྟེན་གསུམ་ནི་མི་དག་གི་ནང་ཁོ་ན
198	21	ངེས་པར་འབྱེད་པའི་ཆ་དང་མཐུན་པ་རྣམས་ཇི་ལྟར་སྟོང་ཞེ་ན། འཕགས་པས་
199	61	འཕགས་པ་ནི་ས་གང་དག་ཐོབ་པར་གྱུར་པའི་ས་དེ་དག་འདོར་བ་ན་དེ་དག་ཀྱང
200	13	དང་པོ་གཉིས་ཡོངས་ཉམས་པས་ཀྱང་། །གཏོང་ལ་འཆི་བས་ཀྱང་གཏོང་སྟེ། །
201	38	སོ་སོའི་སྐྱེ་བོ་ཁོ་ན་ཡིན་གྱི་འཕགས་པ་ནི་དེ་གཉིས་ལས་ཡོངས་སུ་ཉམ
202	7	དངོས་གཞིས་དེ་ཉིད་ལ་བདེན་མཐོང་། །
203	44	གང་ཞིག་བསམ་གཏན་དངོས་གཞིའི་ས་པའི་ངེས་པར་འབྱེད་པའི་ཆ་དང་མཐུན་པ
204	6	རྣམ་པར་ཉམས་ན་དངོས་མེད་འཐོབ། །
205	74	གང་གི་ཚེ་རྣམ་པར་ཉམས་པ་དག་གིས་ཡང་ཐོབ་པ་དེའི་ཚེ་སོ་སོར་ཐར་པའི་
206	22	རྣམ་པར་ཉམས་པ་དང་ཡོངས་སུ་ཉམས་པ་འདི་དག་གི་རང་བཞིན་ཅི་ཞེ་ན། ཉམས
207	53	ཉམས་པ་གཉི་ག་ཡང་མི་ལྡན་པའི་རང་བཞིན་ཡིན་ལ། ཡོངས་སུ་ཉམས་པ་ནི་ཉེ
208	28	ཐར་པའི་ཆ་དང་མཐུན་པ་དང་ཁྱད་པར་ཅི་ཡོད་ཅེ་ན། བར་ཆད་བྱེད་པ་མེད་ན
209	6	རྩེ་མོ་ཐོབ་པ་རྩ་མི་འཆད། །
210	31	རྩེ་མོ་ཐོབ་པ་ནི་ཡོངས་སུ་ཉམས་ཀྱང་དགེ་བའི་རྩ་བ་རྣམས་ཀུན་ཏུ་མི་
211	5	བཟོད་ཐོབ་ངན་སོང་མི་འགྲོའོ། །
212	166	བཟོད་པ་ལས་ནི་རྣམ་པར་ཉམས་ཀྱང་ངན་སོང་དུ་མི་འགྲོ་སྟེ། དེར་འགྲོ་
213	68	ཉན་ཐོས་ལ་སོགས་པའི་རིགས་ཐ་དད་པའི་ཕྱིར་ངེས་པར་འབྱེད་པའི་ཆ་དང་མ
214	41	ཅིའི་ཕྱིར་ཞེ་ན། ངན་སོང་བཟློག་པའི་ཕྱིར་ཏེ། བྱང་ཆུབ་སེམས་དཔའ་ར
215	66	གཞན་གསུམ་ཡང་། བཟློག་ནས་འགྱུར་ཞེས་བྱ་བར་སྦྱར་ཏེ། ངེས་པར་འབྱེད
216	59	སྟོན་པ་ནི་སངས་རྒྱས་སོ། །བསེ་རུ་ལྟ་བུ་ནི་རང་སངས་རྒྱས་ཏེ། དེ་ག
217	20	བྱང་ཆུབ་ནི་ཟད་པ་དང་མི་སྐྱེ་བ་ཤེས་པའི་ཡེ་ཤེས་ཡིན་ནོ་ཞེས་འོག་ན
218	16	གཞན་དག་ན་རེ་མི་སྡུག་པ་ནས་བཟུང་སྟེ། བྱང་ཆུབ་ཀྱི་བར་དུའོ་ཞེས་ཟ
219	25	གང་དག་བསེ་རུ་ལྟ་བུ་ལས་གཞན་པའི་རང་སངས་རྒྱས་ཡོད་པར་འདོད་པ་དེའི
220	44	ཅི་ཚེ་དང་པོ་ཁོ་ན་ལ་སྦྱོར་བ་བྱས་ཏེ་ངེས་པར་འབྱེད་པའི་ཆ་དང་མཐུན
221	10	ཐམས་ཅད་པས་ཤིན་ཏུ། མྱུར་བའི་སྲིད་པ་གསུམ་གྱིས་ཐར། །
222	79	ས་བོན་འདེབས་པ་དང་། འབྲུ་སྐྱེ་བ་དང་། འབྲས་བུ་ཆགས་པ་བཞིན་དུ་ཚེ
223	24	ཐར་པའི་ཆ་དང་མཐུན་པ་དེ་ཡང་ཐོས་བསམ་ལས་བྱུང་བ་ཡིན་པར་བརྗོད་དེ། 
224	69	ལས་དུ་དག་ཅིག་ཅེ་ན། ལས་གསུམ་མོ། །གཙོ་བོར་ནི་ཡིད་ཀྱི་ལས་ཡིན་ནོ
225	36	དེ་ཡང་། མི་ཡི་ནང་ནས་འཕེན་པར་བྱེད། །མི་རྣམས་ཀྱི་ནང་ཁོ་ན་དང་། 
226	51	ཐར་པའི་ཆ་དང་མཐུན་པ་ཞར་ལས་འོངས་པ་བཤད་ཟིན་ཏོ། །མངོན་པར་རྟོགས་པ
227	55	ཅེས་བྱ་བ་འདི་སྨོས་ཏེ། འཇིག་རྟེན་པའི་ཆོས་ཀྱི་མཆོག་གི་མཇུག་ཐོག
228	39	ཟག་པ་མེད་པ་ཉིད་ཡིན་པར་ཤེས་པར་བྱ་བའི་ཕྱིར་རྒྱུ་མཐུན་པས་བྱེ་བྲ
229	59	དེ་ཉིད་ངེས་པར་འཇུག་པ་ཞེས་བྱ་སྟེ། ཡང་དག་པ་ཉིད་དུ་ངེས་པར་ཞུགས་
230	37	མ་འོངས་པས་ནི་སོ་སོའི་སྐྱེ་བོ་ཉིད་ཟློག་པར་བྱེད་དོ། །མ་འོངས་པ་
231	16	གཞན་དག་ན་རེ་འཇིག་རྟེན་པའི་ཆོས་ཀྱི་མཆོག་རྣམས་ཀྱིས་བཟློག་གོ་ཞེ
232	29	མ་ཡིན་ཏེ། དེའི་ཆོས་ཡིན་པའི་ཕྱིར་རོ། །དེ་དང་འགལ་བ་ཡིན་པའི་ཕྱི
233	25	གཞན་དག་ན་རེ་གཉི་གས་བཟློག་སྟེ། བར་ཆད་མེད་པ་དང་རྣམ་པར་གྲོལ་བའི
234	58	དེ་ནས་ནི་དེ་ཉིད་ལ་ཆོས་ཤེ་ན། སྡུག་བསྔལ་ལ་ཆོས་ཤེས་པའི་བཟོད་པའི
235	90	ཇི་ལྟར་འདོད་པ་ན་སྤྱོད་པའི་སྡུག་བསྔལ་ལ་ཆོས་ཤེས་པའི་བཟོད་པ་དང་
236	44	དང་པོ་ཉིད་དུ་ཆོས་ཀྱི་དེ་ཁོ་ན་ཉིད་ཤེས་པའི་ཕྱིར་ཆོས་ཤེས་པ་ཡིན་
237	25	ཇི་ལྟར་སྡུག་བསྔལ་གྱི་བདེན་པ་ལ་བཟོད་པ་དང་ཤེས་པ་བཞི་པོ་དེ་དག་ས
238	156	སྡུག་བསྔལ་ལ་རྗེས་སུ་ཤེས་པའི་མཇུག་ཐོགས་སུ་འདོད་པ་ནི་སྤྱོད་པའི
239	19	དེ་ལྟར་ན་རིམ་པ་འདིས་ན་བདེན་པ་མངོན་པར་རྟོགས་པ་འདི་ནི་སེམས་བཅུ
240	36	སྡེ་བ་གཞན་གང་དག་བདེན་པ་རྣམས་མངོན་པར་རྟོགས་པ་འདི་ནི་གཅིག་གོ་ཞ
241	72	དེ་ནི་རྣམ་གསུམ་སྟེ། མཐོང་དམིགས་བྱ་བ་ཞེས་བྱའོ། །མཐོང་བའི་མངོན
242	36	སྡུག་བསྔལ་མཐོང་ན་དེའི་མངོན་པར་རྟོགས་པ་ནི་གསུམ་མོ། །ཀུན་འབྱུང
243	37	དེ་ལྟ་བས་ན་གལ་ཏེ་བདེན་པ་རྣམས་མཐོང་བའི་མངོན་པར་རྟོགས་པའི་མངོན
244	94	འོན་ཏེ་ཐམས་ཅད་བདག་མེད་པའི་རྣམ་པར་མཐོང་ངོ་ཞེས་ཟེར་ན་ནི། འོ་ན་
245	23	གལ་ཏེ་དེ་ལྟ་བུ་ནི་བསྒོམ་པའི་ལམ་མ་ཡིན་ནོ་ཞེ་ན། མ་ཡིན་ཏེ། ཇི་ལ
246	42	འོན་ཏེ་གཅིག་མཐོང་བས་ལྷག་མ་རྣམས་ལྔ་དབང་ཐོབ་པའི་ཕྱིར་མངོན་པར་ར
247	66	འོན་ཏེ་སྡུག་བསྔལ་ཁོ་ན་ཡོངས་སུ་ཤེས་ན་ཀུན་འབྱུང་ཡང་སྤོངས་ལ་འགོ
248	58	མདོ་ལས་མཐོང་བའི་མངོན་པར་རྟོགས་པའི་ཕྱིར་བདེན་པ་རྣམས་རིམ་གྱིས་
249	53	གལ་ཏེ་མདོ་ལས། གང་ཞིག་སྡུག་བསྔལ་ལ་ནེམ་ནུར་མེད་ཅིང་ཐེ་ཚོམ་མེད་
250	46	མངོན་པར་རྟོགས་པ་སེམས་བཅུ་དྲུག་པར་བཤད་པ་གང་ཡིན་པ་དེ་ནི་ཆོས་མཆ
251	15	ཅིའི་ཕྱིར་གདོན་མི་ཟ་བར་བཟོད་པ་དག་དང་། ཤེས་པ་དག་ཡིན་ཞེ་ན།
252	12	 བཟོད་དང་ཤེས་པ་གོ་རིམས་བཞིན། །བར་ཆད་མེད་དང་རྣམ་གྲོལ་ལམ། །
253	81	བཟོད་པ་རྣམས་ནི་ཉོན་མོངས་པའི་ཐོབ་པ་རྣམ་པར་གཅོད་པ་ལ་བར་ཆད་བྱ་བ
254	39	གལ་ཏེ་བར་ཆད་མེད་པའི་ལམ་གཉིས་པ་ཁོ་ན་བྲལ་བའི་ཐོབ་པ་དང་ལྷན་ཅིག་
255	57	གལ་ཏེ་བཟོད་པ་རྣམས་ཀྱིས་ཉོན་མོངས་པ་སྤངས་པའི་ཕྱིར་བསྟན་བཅོས་ལས
256	42	ཅི་སེམས་བཅུ་དྲུག་པོ་ཐམས་ཅད་བདེན་པ་མ་མཐོང་བ་མཐོང་བའི་ཕྱིར་མཐོ
257	45	སྡུག་བསྔལ་ལ་ཆོས་ཤེས་པའི་བཟོད་པ་ནས་བཟུང་སྟེ་ལམ་ལ་རྗེས་སུ་ཤེས་
258	31	བཅུ་དྲུག་པ་ལ་ནི་སྔོན་མ་མཐོང་བ་བལྟ་བར་བྱ་བ་མེད་ཀྱི་ཇི་ལྟར་མཐོ
259	63	དེས་ཀྱང་ལམ་ལ་རྗེས་སུ་ཤེས་པའི་བཟོད་པ་མ་མཐོང་བ་མཐོང་བ་མ་ཡིན་ནམ
260	64	འབྲས་བུ་ཡིན་པའི་ཕྱིར་དང་། ཤེས་པ་བརྒྱད་དང་རྣམ་པ་བཅུ་དྲུག་ཐོབ་
261	20	གལ་ཏེ་དེ་ཉིད་ཀྱི་ཕྱིར་མཐོང་བའི་ལམ་ཡིན་ཞེ་ན། མ་ཡིན་ཏེ། ཧ་ཅང་ཐ
262	38	ཅིའི་ཕྱིར་ཤེས་པ་བདུན་མཐོང་བའི་ལམ་ཡིན་ཞེ་ན། མཐོང་བ་མ་རྫོགས་པའ
263	13	མཐོང་བའི་ལམ་དང་བསྒོམ་པའི་ལམ་ཇི་ལྟར་སྐྱེ་བ་བཤད་ཟིན་ཏོ། །
264	40	ད་ནི་ཇི་ལྟར་ན་འཕགས་པའི་ལམ་སྐྱེས་པའི་གང་ཟག་རྣམས་རྣམ་པར་གཞག་པ་
265	12	 དབང་པོ་རྣོ་རྟུལ་དེ་དག་ཏུ། །དད་དང་ཆོས་ཀྱིས་རྗེས་འབྲང་བ། །
266	110	ཡིན་པར་རིག་པར་བྱ་སྟེ། དབང་པོ་རྟུལ་པོ་དེ་དག་ལ་གནས་པ་ནི་དད་པས་
267	14	དེ་གཉིས་ནི། བསྒོམ་པས་སྤང་བྱ་མ་སྤངས་ན། །འབྲས་བུ་དང་པོ་ལ་ཞུགས་
268	32	འབྲས་བུ་རྣམས་ཀྱི་དང་པོ་ནི་འབྲས་བུ་དང་པོ་སྟེ། རྒྱུན་དུ་ཞུགས་པ
269	101	དད་པ་དང་ཆོས་ཀྱིས་རྗེས་སུ་འབྲང་བ་དེ་དག་ཉིད་གལ་ཏེ་སྔོན་འཇིག་རྟ
270	61	གཉིས་པ་ལ། དགུ་པ་ཚུན་ཆད་ཟད་པ་ཡིན། །གཉིས་པ་ལ་ཞེས་བྱ་བ་ནི་གཉིས་
271	12	འདོད་པའམ་ཡང་ན་གོང་མ་ལས། །ཆགས་བྲལ་གསུམ་པ་ལ་ཞུགས་པ། །
272	59	གལ་ཏེ་རྣམ་པ་དགུ་པ་ཡང་སྤངས་པའི་ཕྱིར་འདོད་པའི་ཁམས་ལས་འདོད་ཆགས་
273	12	གང་ཞིག་གང་ལ་ཞུགས་པ་ནི། །བཅུ་དྲུག་པ་ལ་དེ་འབྲས་གནས། །
274	79	སེམས་བཅུ་དྲུག་པ་སྐྱེས་ན་དེ་གཉིས་དད་པ་དང་ཆོས་ཀྱིས་རྗེས་སུ་འབྲ
275	44	དགྲ་བཅོམ་པ་ཉིད་ནི་དང་པོ་ཉིད་དུ་ཐོབ་པར་མི་ནུས་ཏེ། མཐོང་བའི་ལམ
276	12	དེའི་ཚེ་དབང་པོ་རྣོ་རྟུལ་དག །དད་པས་མོས་དང་མཐོང་བས་ཐོབ། །
277	62	དེའི་ཚེ་དབང་པོ་རྟུལ་པོ་སྔོན་དད་པས་རྗེས་སུ་འབྲང་བ་གང་ཡིན་པ་དེ
278	36	ཅིའི་ཕྱིར་རྣམ་པ་ལྔ་སྤངས་ཀྱང་སེམས་བཅུ་དྲུག་པ་ལ་རྒྱུན་དུ་ཞུགས་
279	24	 འབྲས་ཐོབ་འབྲས་བུའི་ཁྱད་པར་གྱིས། །ལམ་ཐོབ་མེད་པས་དེ་ཡི་ཕྱིར། 
280	67	འབྲས་བུ་ཐོབ་ན་འབྲས་བུ་ཁྱད་པར་ཅན་གྱི་ལམ་མི་འཐོབ་བོ་ཞེས་བྱ་བ་འ
281	57	གང་ཞིག་བསམ་གཏན་གསུམ་པ་ལས་འདོད་ཆགས་དང་བྲལ་ལ། ས་འོག་མ་ལ་བརྟེན་
282	31	རེ་ཞིག་ཕལ་ཆེར་ལས་དང་འདོད་པ་ལས་འདོད་ཆགས་དང་བྲལ་བ་རྣམས་ཀྱིས་ངེ
283	16	མཐར་གྱིས་འཇུག་པ་བརྗོད་པར་བྱ་སྟེ། དེའི་ཕྱིར་རེ་ཞིག་འདི་རྣམ་པར
284	19	ཇི་ལྟར་འདོད་པའི་ཁམས་ཀྱི་ཉོན་མོངས་པ་རྣམ་པ་དགུ་པོ་དེ་དག་བསྟན་པ
285	11	 ས་དང་ས་ན་ཉེས་རྣམ་དགུ། །སྲིད་པའི་རྩེ་མོའི་བར་དུའོ། །
286	44	ཉེས་པ་རྣམས་ཇི་ལྟ་བ་དེ་བཞིན་དུ་ཡང་ཡོན་ཏན་རྣམས་ས་དང་ས་ན་དེའི་ག
287	5	ཇི་ལྟར་བྱས་པས་ཤེ་ན།
288	12	 ཆུང་དང་འབྲིང་དང་ཆེ་རྣམས་ཀྱི། །ཆུང་ངུ་ལ་སོགས་ཐ་དད་ཕྱིར། །
289	78	རྩ་བའི་རྣམ་པ་གསུམ་སྟེ། ཆུང་ངུ་དང་འབྲིང་དང་ཆེན་པོའོ། །དེ་དག་ར
290	105	དེ་ལ་ལམ་ཆུང་ངུའི་ཆུང་ངུས་ནི་ཉོན་མོངས་པ་ཆེན་པོའི་ཆེན་པོ་སྤོང་
291	85	འཕགས་པའི་ལམ་སྐད་ཅིག་མ་ཆུང་ངུས་ཀྱང་འཁོར་བ་ཐོག་མ་མེད་པ་ནས་བརྒྱ
292	13	དེ་ལྟར་ཉོན་མོངས་པ་རྣམས་པ་དགུ་པོ་དེ་དག་ཐམས་ཅད་དུ།
293	12	 འབྲས་གནས་བསྒོམ་སྤང་བྱ་མ་ཟད། །རེ་ལྟར་ཐོགས་ན་ལན་བདུན་པ། །
294	65	འབྲས་བུ་ལ་གནས་པ་གང་ཞིག་གིས། བསྒོམ་པས་སྤང་བར་བྱ་བའི་ཉོན་མོངས་
295	34	མདོ་ལས། མཆོག་ཏུ་ཐོགས་ན་ལན་བདུན་པ་ཞེས་འབྱུང་བ་ནི་དེ་མཆོག་ཏུ་ཐ
296	29	མྱ་ངན་ལས་འདས་པའི་རྒྱུན་ནི་ལམ་སྟེ། དེས་ན་དེར་འགྲོ་བའི་ཕྱིར་རོ
297	60	ཇི་ལྟར་ན་ཞུགས་པ་ཡིན། གལ་ཏེ་ལམ་དང་པོ་ཐོབ་པའི་ཕྱིར་རོ་ཞེ་ན་ནི་
298	17	འབྲས་བུ་ཐམས་ཅད་ཐོབ་པའི་དབང་དུ་བྱས་ནས་འབྲས་བུ་དང་པོ་ཐོབ་པའི་ཕ
299	49	ཅིའི་ཕྱིར་དེ་ཁོ་ན་ཡིན་ལ་བརྒྱད་པ་ནི་མ་ཡིན་ཞེ་ན། ལམ་ལ་རྗེས་སུ་
300	105	བྱེ་བྲག་ཏུ་སྨྲ་བ་རྣམས་ན་རེ་དེ་ནི་དེ་ལས་གཞན་པ་སྐྱེ་བའི་སྲིད་པ
301	52	འོ་ན་གང་མདོ་ལས། གང་ཟག་ལྟ་བ་ཕུན་སུམ་ཚོགས་པ་སྲིད་པ་བརྒྱད་པ་མངོ
302	58	འོན་ཏེ་སྒྲ་ཇི་བཞིན་དུ་བརྟགས་ན་ནི་སྲིད་པ་བར་མ་ཡང་ཡོད་པར་མི་འག
303	89	འདི་ལ་ཤེས་པར་བྱེད་པ་མདོའམ་རིགས་པ་ཅི་ཞིག་ཡོད། ལྷ་དང་མི་དག་གི་
304	121	གང་ཞིག་མི་དག་གི་ནང་དུ་རྒྱུན་དུ་ཞུགས་པར་གྱུར་པ་དེ་ནི་དེ་ཁོ་ནར
305	33	བར་སྐབས་སུ་ཡང་འཕགས་པའི་ལམ་མངོན་དུ་བྱེད་ཅིང་ཡོངས་སུ་མྱ་ངན་ལས་
306	33	སངས་རྒྱས་འབྱུང་བ་མེད་ན་ཁྱིམ་པ་ཁོ་ནར་དགྲ་བཅོམ་པ་ཉིད་འཐོབ་ན་ཁྱ
307	12	གཞན་དག་ན་རེ། །དགེ་སྦྱོང་གཞན་གྱི་མཚན་མས་སོ་ཞེས་ཟེར་རོ། །
308	72	ཅིའི་ཕྱིར་ལོག་པར་ལྟུང་བའི་ཆོས་ཅན་མ་ཡིན་ཞེ་ན། །དེར་འགྲོ་བའི་ལ
309	50	འདིར་སྨྲས་པ། མི་མཁས་པས་ནི་སྡིག་པ་ཆུང་ངུ་བྱས་ཀྱང་འོག་ཏུ་འགྲོ།
310	47	སྡུག་བསྔལ་གྱི་མཐར་བྱེད་དོ་ཞེས་བྱ་བ་སྡུག་བསྔལ་གྱི་མཐའ་གང་ཡིན་
311	35	མྱ་ངན་ལས་འདས་པ་ཇི་ལྟར་བྱེད་ཅེ་ན། དེ་འཐོབ་པའི་བགེགས་བསལ་བའི་ཕ
312	45	མཆོག་ཏུ་ཐོགས་ན་ལན་བདུན་པ་གཞན་ཡང་ཡོད་མོད་ཀྱི་མ་ངེས་པས་མི་བརྗོ
313	12	རྣམ་གསུམ་རྣམ་བཞི་ལས་གྲོལ་བ། །ཚེ་གཉིས་གསུམ་དུ་རིགས་ནས་རིགས། །
314	175	རྒྱུན་དུ་ཞུགས་པ་དེ་ཉིད་རྒྱུ་གསུམ་གྱིས་ན་རིགས་ནས་རིགས་སུ་སྐྱེ
315	45	རིགས་ནས་རིགས་སུ་སྐྱེ་བ་དེ་ནི་རྣམ་པ་གཉིས་ཏེ། ལྷའི་རིགས་ནས་རིག
316	33	མིའི་རིགས་ནས་རིགས་སུ་སྐྱེ་བ་ནི་མི་དག་གི་ནང་དུ་རིགས་གཉིས་སམ་ག
317	18	འབྲས་བུ་ལ་གནས་པ་དེ་ཉིད། །རྣམ་པ་ལྔ་ཡི་བར་བཅོམ་པ། །གཉིས་པ་ལ་ནི
318	30	འབྲས་བུ་ལ་གནས་པ་གང་གིས་རྣམ་པ་གཅིག་ནས་ལྔའི་བར་དུ་སྤངས་པ་ཡིན་ན
319	12	རྣམ་པ་དྲུག་པ་ཟད་གྱུར་པ། །དེ་ནི་ལན་ཅིག་ཕྱིར་འོང་བ། །
320	58	དེ་ནི་འབྲས་བུ་གཉིས་པ་ཐོབ་པ་ཡིན་ཏེ། ལྷ་དག་གི་ནང་དུ་སོང་ནས་མིའ
321	25	འབྲས་བུ་ལ་གནས་པ་དེ་ཉིད། །ཉིས་ཆ་བདུན་དང་བརྒྱད་ཟད་པ། །ཚེ་གཅིག་
322	175	ཡང་ལན་ཅིག་ཕྱིར་འོང་བ་དེ་ཉིད་རྒྱུ་གསུམ་གྱིས་བར་ཆད་གཅིག་པ་ཡིན་
323	20	རྣམ་པ་བདུན་དང་བརྒྱད་སྤངས་པ་དེ་ནི་འབྲས་བུ་གསུམ་པ་ལ་ཞུགས་པ་ཡིན
324	49	སྔོན་རྣམ་པ་གསུམ་དང་བཞི་སྤངས་པའམ། བདུན་པ་དང་བརྒྱད་པ་སྤངས་པ་འབ
325	7	དེ་དགུ་ཟད་པས་ཕྱིར་མི་འོང་། །
326	29	འབྲས་བུ་ལ་གནས་པ་དེ་ཉིད་རྣམ་པ་དགུ་སྤངས་པས་ཕྱིར་མི་འོང་བ་ཡིན་པ
327	36	ཀུན་ཏུ་སྦྱོར་བ་ཐ་མའི་ཆ་དང་མཐུན་པ་རྣམ་པ་ལྔ་སྤངས་པའི་ཕྱིར་ཞེས་
328	13	དེ་ནི་བར་སྐྱེས་འདུ་བྱེད་དང་། །འདུ་བྱེད་མེད་སྤངས་མྱ་ངན་འདའ། །
329	46	གོང་དུ་འཕོ་བ་རྣམས་འདི་བར་མ་དོར་ཡོངས་སུ་མྱ་ངན་ལས་འདའ་བས་ན་བར་
330	35	ཕྱིར་མི་འོང་བ་དེ་ཉིད་རྣམ་པ་ལྔ་ཡིན་ཏེ། བར་མ་དོར་ཡོངས་སུ་མྱ་ངན
331	49	སྐྱེས་ནས་ཡོངས་སུ་མྱ་ངན་ལས་འདའ་བ་ནི་སྐྱེས་པ་ཙམ་ལས་མི་འཆི་བར་ཕ
332	15	གཞན་དག་ན་རེ་དེ་ཡང་ཕུང་པོའི་ལྷག་མ་མེད་པས་སོ་ཞེས་ཟེར་རོ། །
333	10	མ་ཡིན་ཏེ། ཚེ་འདོར་བ་ལ་དབང་མེད་པའི་ཕྱིར་རོ། །
334	55	མངོན་པར་འདུ་བྱེད་པ་དང་བཅས་པས་ཡོངས་སུ་མྱ་ངན་ལས་འདའ་བ་ནི་སྐྱེས
335	46	མངོན་པར་འདུ་བྱེད་པ་མེད་པར་ཡོངས་སུ་མྱ་ངན་ལས་འདའ་བ་ནི་མངོན་པར་
336	27	གཞན་དག་ན་རེ་འདུས་བྱས་དང་འདུས་མ་བྱས་པ་ལ་དམིགས་པའི་ལམ་གྱིས་ཡོང
337	83	དེ་ནི་མི་རུང་སྟེ། ཧ་ཅང་ཐལ་བར་འགྱུར་བའི་ཕྱིར་རོ། །མདོ་ལས་ནི་མ
338	27	སྐྱེས་ནས་ཡོངས་སུ་མྱ་ངན་ལས་འདའ་བ་ནི་ལམ་ཆེས་ངང་གིས་འབྱུང་བ་དང་
339	38	གོང་དུ་འཕོ་བ་ནི་གང་དུ་སྐྱེས་པ་དེ་ཉིད་དུ་ཡོངས་སུ་མྱ་ངན་ལས་མི་
340	8	དེ་ནི་བསམ་གཏན་སྤེལ་ནས་འོག་མིན་འགྲོ། །
341	67	གོང་དུ་འཕོ་བ་དེ་ནི་རྒྱུ་དང་འབྲས་བུའི་སྒོ་ནས་རྣམ་པ་གཉིས་ཏེ། ར
342	6	དེ་འཕར་ཕྱེད་འཕར་ཐམས་ཅད་དུ། །
343	102	འཆི་འཕོ་གོང་དུ་འཕོ་བ་འོག་མིན་གྱི་མཐར་ཐུག་པ་དེ་ཡང་འཕར་བ་ལ་སོག
344	38	ཕྱེད་དུ་འཕར་བ་ཞེས་བྱ་བ་ནི་དེ་ནས་གནས་གཙང་མ་རྣམས་སུ་སྐྱེས་ལ་བར
345	55	འཕགས་པ་ནི་ཚངས་ཆེན་པ་དག་གི་ནང་དུ་མི་སྐྱེ་སྟེ། ཅིའི་ཕྱིར་ཞེ་ན།
346	31	ཕྱིར་མི་འོང་བ་ནི་ནམ་ཡང་སྐྱེ་བའི་སྐྱེ་མཆེད་དེ་ཉིད་དུ་ཚེ་གཉིས་
347	28	འདི་ལྟར་ན་འདིའི་ཕྱིར་མི་འོང་བ་ཉིད་ཡོངས་སུ་རྫོགས་པ་ཡིན་ཏེ། གང
348	19	རེ་ཞིག་བསམ་གཏན་སྤེལ་ནས་འོག་མིན་དུ་འགྲོ་བ་ནི་དེ་ལྟ་བུ་ཡིན་པར་
349	6	དེ་ལས་གཞན་སྲིད་རྩེ་མོར་འགྲོ། །
350	65	གོང་དུ་འཕོ་བ་བསམ་གཏན་མ་སྤེལ་བ་ནི་སྲིད་པའི་རྩེ་མོའི་མཐར་ཐུག་པ
351	15	འདི་ནི་ཞི་གནས་སྤྱད་པ་ཡིན་ནོ། །སྔ་མ་ནི་ལྷག་མཐོང་སྤྱད་པ་ཡིན་ནོ
352	17	གོང་དུ་འཕོ་བ་བར་སྐབས་སུ་ཡང་ཡོངས་སུ་མྱ་ངན་ལས་འདའ་བར་རུང་བར་བལ
353	35	འོག་མིན་དང་སྲིད་པའི་རྩེ་མོའི་མཐར་ཐུག་པ་ཉིད་ནི་ཕན་ཆད་དུ་འགྲོ་
354	17	རེ་ཞིག་དེ་དག་ནི་གཟུགས་སུ་ཉེ་བར་འགྲོ་བའི་ཕྱིར་མི་འོང་བ་ལྔ་ཡིན
355	6	གཞན་ནི་གཟུགས་མེད་འགྲོ་རྣམ་བཞི། །
356	67	ཕྱིར་མི་འོང་བ་གཞན་ནི་གཟུགས་མེད་པར་ཉེ་བར་འགྲོ་བ་སྟེ། གཟུགས་ཀྱ
357	6	གཞན་ནི་འདི་ལ་མྱ་ངན་འདའ། །
358	29	གཞན་ནི་ཚེ་འདི་ཁོ་ན་ལ་ཡོངས་སུ་མྱ་ངན་ལས་འདའ་སྟེ། མཐོང་བའི་ཆོས་
359	12	གསུམ་ལ་རྣམ་གསུམ་ཕྱི་ནས་སུ། །གཟུགས་སུ་ཉེར་འགྲོ་དགུར་བཤད་དོ། །
360	48	ཕྱིར་མི་འོང་བ་གསུམ་ལ་ཡང་རྣམ་པ་གསུམ་དུ་ཕྱེ་བས་གཟུགས་སུ་ཉེ་བར་
361	48	རྣམ་པ་གསུམ་དུ་ཕྱེ་བས་ཇི་ལྟ་བུ་ཞེ་ན། རེ་ཞིག་བར་མ་དོར་ཡོངས་སུ་
362	60	སྐྱེས་ནས་ཡོངས་སུ་མྱ་ངན་ལས་འདའ་བ་ནི་སྐྱེས་ནས་དང་། མངོན་པར་འདུ
363	13	གོང་དུ་འཕོ་བ་ནི་འཕར་བ་ལ་སོགས་པའི་བྱེ་བྲག་གིས་སོ། །
364	28	ཡང་ན་གསུམ་པོ་ཐམས་ཅད་མྱུར་བ་དང་མྱུར་བ་མ་ཡིན་པ་དང་། ཡུན་རིང་མོ
365	12	དེ་དག་གི་ནི་ཁྱད་པར་རྣམས། །ལས་དབང་ཉོན་མོངས་བྱེ་བྲག་ལས། །
366	156	ཕྱིར་མི་འོང་བ་གསུམ་དང་དགུ་པོ་དེ་དག་གི་ཁྱད་པར་ནི་ལས་དང་། ཉོན་
367	17	འོ་ན་མདོ་ལས་སྐྱེས་བུ་དམ་པའི་འགྲོ་བ་བདུན་བསྟན་པ་ཇི་ལྟ་བུ་ཞེ་ན
368	12	 གོང་དུ་འཕོ་བ་མ་ཕྱེ་བར། །དམ་པའི་འགྲོ་བ་བདུན་དུ་འདོད། །
369	9	གོང་དུ་འགྲོ་བའི་ཆོས་ནི་གོང་དུ་འགྲོ་བའོ། །
370	21	མདོ་ལས་ནི་དེ་མ་ཕྱེ་བར་བསྟན་པའི་ཕྱིར་མདོ་ལས་སྐྱེས་བུ་དམ་པའི་འ
371	88	ཅིའི་ཕྱིར་འདི་དག་ཁོ་ན་སྐྱེས་བུ་དམ་པའི་འགྲོ་བ་ཡིན་ལ། སློབ་པའི
372	12	 དམ་པ་དམ་མིན་འཇུག་མི་འཇུག །སོན་པ་ཕྱིར་མི་འོང་ཕྱིར་ཏེ། །
373	14	སྐྱེས་བུ་དམ་པའི་འགྲོ་བ་དག་ཡིན་གྱི་གཞན་དག་ནི་མ་ཡིན་ནོ། །
374	87	འོ་ན་མདོ་ཁོ་ན་ལས་སྐྱེས་བུ་དམ་པ་གང་ཞེ་ན། སློབ་པའི་ཡང་དག་པའི་ལ
375	20	ཅི་ཕྱིར་མི་འོང་བ་ཚེ་ཡོངས་སུ་གྱུར་པ་ལ་ཡང་དབྱེ་བ་འདི་ཡོད་དམ་ཞེ
376	12	 འདོད་པར་ཚེ་ཡོངས་གྱུར་པའི་འཕགས། །ཁམས་གཞན་དུ་ནི་འགྲོ་བ་མེད། །
377	73	འདོད་པའི་ཁམས་སུ་ཚེ་ཡོངས་སུ་གྱུར་པའི་འཕགས་པ་ནི་ཁམས་གཞན་དུ་མི་
378	24	འོ་ན་བརྒྱ་བྱིན་གྱིས། བདག་ནི་ཐ་མ་ཉམས་ན་ལྷ་གང་འོག་མིན་ཞེས། །རྣ
379	45	ཅེས་གང་སྨྲས་པ་ཇི་ལྟ་བུ་ཞེ་ན། བྱེ་བྲག་ཏུ་སྨྲ་བ་རྣམས་ན་རེ་ཆོས་
380	12	དེ་དང་གོང་མར་སྐྱེས་པ་ནི། །ཡོངས་ཉམས་དབང་པོ་འཕོ་མི་བསྟེན། །
381	37	འདོད་པའི་ཁམས་སུ་ཚེ་ཡོངས་སུ་གྱུར་པའི་འཕགས་པ་དེ་དང་། ཁམས་གོང་མ
382	67	ཅིའི་ཕྱིར་འཕགས་པ་ཚེ་གཞན་དུ་ཡོངས་སུ་གྱུར་པ་གཟུགས་དང་གཟུགས་མེད
383	122	ཡང་ཅིའི་ཕྱིར་སློབ་པ་འདོད་ཆགས་དང་མ་བྲལ་བ་བར་མ་དོར་ཡོངས་སུ་མྱ་
384	10	དེ་ནི་བསམ་གཏན་སྤེལ་ནས་འོག་མིན་འགྲོ། །ཞེས་བཤད་པ།
385	12	 ཡང་དང་པོ་ཉིད་དུ་བསམ་གཏན་གང་སྤེལ་བར་བྱེད་ཅེ་ན།
386	6	 དང་པོར་བཞི་པ་སྤེལ་བར་བྱེད། །
387	24	ཏིང་ངེ་འཛིན་དེ་ནི་ཐམས་ཅད་པས་ལས་སུ་རུང་བ་དང་། ལམ་སླ་བ་རྣམས་ཀྱ
388	115	འདི་ལྟར་སྤེལ་བར་བྱེད་དེ། དགྲ་བཅོམ་པ་འམ་ཕྱིར་མི་འོང་བ་ཡང་རུང་
389	6	སྐད་ཅིག་མ་ནི་བསྲེས་པས་འགྲུབ། །
390	99	བྱེ་བྲག་ཏུ་སྨྲ་བ་རྣམས་ན་རེ་གང་གི་ཚེ་ཟག་པ་མེད་པའི་སྐད་ཅིག་མའི
391	44	དེ་ལྟར་བསམ་གཏན་བཞི་པ་སྤེལ་ནས། དེའི་སྟོབས་ཀྱིས་གཞན་དང་གཞན་དག་
392	36	སངས་རྒྱས་མ་གཏོགས་པས་སྐད་ཅིག་མ་སྤེལ་བར་མི་ནུས་ཏེ། དེའི་ཕྱིར་ར
393	8	ཅིའི་ཕྱིར་བསམ་གཏན་སྤེལ་བར་བྱེད་ཅེ་ན།
394	14	 སྐྱེ་དང་གནས་པར་བྱ་ཕྱིར་དང་། །ཉོན་མོངས་པས་ནི་འཇིག་ཕྱིར་ཡང་། 
395	78	རྒྱུ་གསུམ་གྱིས་ན་བསམ་གཏན་སྤེལ་བར་བྱེད་དེ། ཕྱིར་མི་འོང་བ་དབང་
396	41	དགྲ་བཅོམ་པ་དབང་པོ་རྣོན་པོ་རྣམས་ནི་མཐོང་བའི་ཆོས་ལ་བདེ་བར་གནས་
397	31	ཡང་ཅིའི་ཕྱིར་གནས་གཙང་མར་སྐྱེ་བ་ལྔ་ཁོ་ན་ཡིན་ཞེ་ན། བསམ་གཏན་བཞི
398	6	 གནས་གཙང་སྐྱེ་བ་ལྔ་ཁོ་ན། །
399	111	སྤེལ་མར་བསྒོམ་པ་དེ་ནི་ཆུང་ངུ་དང་འབྲིང་དང་ཆེན་པོ་དང་། ཤིན་ཏུ་
400	19	གཞན་དག་ན་རེ་དད་པའི་དབང་པོ་ལ་སོགས་པ་ལྷག་པའི་ཕྱིར་ལྔ་ཡིན་ནོ་ཞེ
401	13	འགོག་པ་ཐོབ་པའི་ཕྱིར་མི་འོང་། །ལུས་ཀྱིས་མངོན་དུ་བྱེད་པར་འདོད།
402	174	འདི་ལ་འགོག་པའི་ཐོབ་པ་ཡོད་པས་ན་འགོག་པ་ཐོབ་པ་སྟེ། ཕྱིར་མི་འོང་
403	84	མདོ་ལས་སློབ་པ་བཅོ་བརྒྱད་ཅེས་གསུངས་པ་དེར་ལུས་ཀྱིས་མངོན་དུ་བྱེ
404	15	འདི་ནི་རེ་ཞིག་ཕྱིར་མི་འོང་བ་རྣམས་ཀྱི་དབྱེ་བ་ཆེ་ལོང་ཡིན་ནོ། །
405	275	ཞིབ་ཏུ་དབྱེ་ན་ནི་སྟོང་ཕྲག་ཏུ་དབྱེ་བ་ཡོད་དེ། བར་མ་དོར་ཡོངས་སུ
406	12	སྲིད་རྩེའི་བར་ཆ་བརྒྱད་ཟད་པ། །དགྲ་བཅོམ་ཉིད་ལ་ཞུགས་པ་ཡིན། །
407	51	ཕྱིར་མི་འོང་བ་ཞེས་བྱ་བའི་དབང་དུ་བྱས་པ་སྟེ། ཡང་ཕྱིར་མི་འོང་བ་
408	7	དགུ་ཡི་བར་ཆད་མེད་ལམ་ཡང་། །
409	32	དེ་སྲིད་པའི་རྩེ་མོའི་རྣམ་པ་དགུ་པ་སྤོང་བར་བྱེད་པའི་བར་ཆད་མེད་
410	6	དེ་ནི་རྡོ་རྗེ་ལྟ་བུ་ཡིན། །
411	62	བར་ཆད་མེད་པའི་ལམ་དེ་ནི་ཕྲ་རྒྱས་ཐམས་ཅད་འཇོམས་པར་བྱེད་པ་ཡིན་པའ
412	170	རྡོ་རྗེ་ལྟ་བུ་རྣམས་ཀྱི་བྱེ་བྲག་ནི་རྣམ་པ་མང་པོ་ཞིག་ཏུ་བརྗོད་ད
413	96	མི་ལྕོགས་པ་མེད་པས་བསྡུས་པ་ཇི་ལྟ་བར་བསམ་གཏན་བཞི་པས་བསྡུས་པའི་
414	88	གང་དག་ལམ་ལ་རྗེས་སུ་ཤེས་པ་ཡང་ས་རེ་རེའི་གཉེན་པོ་ལ་དམིགས་པ་ཡིན་
415	13	ཡང་རིགས་དང་དབང་པོའི་བྱེ་བྲག་གིས་ནི་ཆེས་མང་བ་ཡིན་ནོ། །
416	25	གང་སྲིད་པའི་རྩེ་མོའི་རྣམ་པ་དགུ་པར་བཤད་པ་རྡོ་རྗེ་ལྟ་བུས་སྤངས་
417	68	རྣམ་པ་དགུ་པ་དེ་ཟད་པའི་ཐོབ་པ་དང་ལྷན་ཅིག་ཏུ་ཟད་པ་ཤེས་པ་སྐྱེ་སྟ
418	6	དེ་ཚེ་དེ་མི་སློབ་དགྲ་བཅོམ། །
419	77	ཡང་དགྲ་བཅོམ་པ་ཉིད་ལ་ཞུགས་པ་དེ་ཟད་པ་ཤེས་པ་སྐྱེ་ནས་མི་སློབ་པ་ད
420	17	གང་ཟག་སྔར་བཤད་པ་གཞན་བདུན་ནི་སློབ་པ་དག་ཡིན་ནོ་ཞེས་བྱ་བར་གྲུབ་
421	60	ཅིའི་ཕྱིར་དེ་དག་སློབ་པ་ཡིན་ཞེ་ན། ཟག་པ་ཟད་པར་བྱ་བའི་ཕྱིར་བསླབ
422	98	སོ་སོའི་སྐྱེ་བོ་ཡང་སློབ་པ་ཡིན་པར་འགྱུར་རོ་ཞེ་ན། མ་ཡིན་ཏེ། བད
423	36	འཕགས་པ་རང་བཞིན་དུ་གནས་པ་ཇི་ལྟར་སློབ་པའི་ངང་ཚུལ་ཅན་ཡིན་ཞེ་ན། 
424	28	ཡང་སློབ་པའི་ཆོས་རྣམས་གང་ཞེ་ན། སློབ་པའི་ཟག་པ་མེད་པ་རྣམས་སོ། །
425	51	ཅིའི་ཕྱིར་མྱ་ངན་ལས་འདས་པ་སློབ་པ་མ་ཡིན་ཞེ་ན། མི་སློབ་པ་དང་སོ་
426	111	དེ་དག་ཐམས་ཅད་ནི་ཞུགས་པ་བཞི་དང་འབྲས་བུ་ལ་གནས་པ་བཞི་དང་། འཕགས་
427	60	མཐར་གྱིས་འཐོབ་པའི་ཕྱིར་དེ་སྐད་ཅེས་བཤད་ཀྱི། ཕལ་ཆེར་དང་འདོད་པ་
428	32	བསྒོམ་པའི་ལམ་འཇིག་རྟེན་པ་དང་འཇིག་རྟེན་ལས་འདས་པ་རྣམ་པ་གཉིས་སུ
429	14	 འཇིག་རྟེན་འདས་ཀྱིས་སྲིད་རྩེ་ལས། །ཆགས་བྲལ་འཇིག་རྟེན་པས་ནི་མ་
430	84	ཅིའི་ཕྱིར་ཞེ་ན། དེའི་གོང་ན་འཇིག་རྟེན་པ་མེད་པའི་ཕྱིར་དང་། རང་
431	4	གཞན་ལས་རྣམ་པ་གཉིས། །
432	32	སྲིད་པའི་རྩེ་མོ་ལས་གཞན་པའི་ས་ཐམས་ཅད་ལས་ནི་འཇིག་རྟེན་པའི་ལམ་ག
433	12	འཇིག་རྟེན་པ་ཡིས་ཆགས་བྲལ་བའི། །འཕགས་ལ་བྲལ་བའི་ཐོབ་རྣམ་གཉིས། །
434	32	འཕགས་པ་འཇིག་རྟེན་པའི་ལམ་གྱིས་འདོད་ཆགས་དང་བྲལ་བར་གྱུར་པ་ལ་བྲལ
435	7	ཁ་ཅིག་འཇིག་རྟེན་འདས་ཀྱིས་ཀྱང་། །
436	15	གཞན་དག་ན་རེ་འཇིག་རྟེན་ལས་འདས་པས་ཀྱང་དེ་དང་འདྲའོ་ཞེས་ཟེར་རོ། 
437	3	ཅིའི་ཕྱིར་ཞེ་ན།
438	6	 བཏང་ལ་ཉོན་མོངས་མི་ལྡན་ཕྱིར། །
439	104	གལ་ཏེ་འཕགས་པའི་ལམ་གྱིས་འདོད་ཆགས་དང་བྲལ་བ་འཐོབ་པ་ལ་འཇིག་རྟེན་
440	13	སྲིད་རྩེའི་ཕྱེད་ལས་རྣམ་གྲོལ་དང་། །གོང་དུ་སྐྱེས་པ་བཞིན་མི་ལྡན
441	119	དེ་ལ་འཇིག་རྟེན་པའི་བྲལ་བའི་ཐོབ་པ་མེད་དུ་ཟིན་ཀྱང་དེ་དག་དང་ལྡན
442	13	ས་གང་ཞིག་གིས་གང་ལས་འདོད་ཆགས་དང་བྲལ་བར་འགྱུར་ཞེ་ན།
443	12	 ཟག་མེད་མི་ལྕོགས་མེད་པ་ཡིས། །ཐམས་ཅད་ལས་ནི་འདོད་ཆགས་བྲལ། །
444	6	སྲིད་པའི་རྩེ་མོའི་བར་ལས་སོ། །
445	42	ཡང་གང་ཞིག་ཉེར་བསྡོགས་ལ་བརྟེན་ཏེ་ས་འོག་མ་ལས་འདོད་ཆགས་དང་བྲལ་བ
446	6	འོ་ན་ཇི་ལྟ་བུ་ཞེ་ན།
447	12	 ས་གསུམ་རྒྱལ་ལ་བསམ་གཏན་ནམ། །ཉེར་བསྡོགས་ལས་མཐའི་རྣམ་གྲོལ་ལམ། 
448	55	སྐྱེ་བའི་ས་ནི་ཐམས་ཅད་དུ་དགུ་སྟེ། འདོད་པའི་ཁམས་དང་བསམ་གཏན་དང་
449	6	གོང་མའི་ཉེ་བར་བསྡོགས་ལས་མིན། །
450	68	ས་གསུམ་ལས་རྒྱལ་བ་ཡན་ཆད་ནི་བཏང་སྙོམས་ཀྱི་དབང་པོ་ཐུན་མོང་མ་ཡིན
451	25	དེ་ལྟ་བས་ན་ས་གསུམ་ལས་འདོད་ཆགས་དང་བྲལ་བ་ལ་ནི་རྣམ་པར་གྲོལ་བའི་
452	12	ཟག་མེད་མི་ལྕོགས་མེད་པ་ཡིས། །ཐམས་ཅད་ལས་ནི་འདོད་ཆགས་བྲལ། །
453	11	ཞེས་བཤད་ཀྱི་གཞན་དག་གིས་ནི་མ་བཤད་པས་དེའི་ཕྱིར།
454	56	 འཕགས། བརྒྱད་ཀྱིས་རང་གོང་ས་ལས་རྒྱལ། །ཞེས་བྱ་བ་སྨོས་ཏེ། ཟག་པ་
455	38	དེ་ལ་འཇིག་རྟེན་ལས་འདས་པའི་བར་ཆད་མེད་པ་དང་རྣམ་པར་གྲོལ་བའི་ལམ་
456	19	འཇིག་རྟེན་པ་ཡི་རྣམ་གྲོལ་དང་། །བར་ཆད་མེད་ལམ་གོ་རིམས་བཞིན། །ཞི
457	34	རྣམ་པར་གྲོལ་བའི་ལམ་རྣམས་ནི་ཞི་བ་ལ་སོགས་པའི་རྣམ་པ་ཅན་དག་ཡིན་ལ
458	12	དེ་དག་ཀྱང་གོ་རིམས་བཞིན་དུ། གོང་དང་འོག་མའི་སྤྱོད་ཡུལ་ཅན། །
459	27	རྣམ་པར་གྲོལ་བའི་ལམ་རྣམས་ནི་ཅི་རིགས་པར་ས་གོང་མ་ལ་ཞི་བ་དང་། གྱ
460	98	བར་ཆད་མེད་པའི་ལམ་རྣམས་ནི་ས་འོག་མ་ལ་རགས་པ་དང་། ཐ་མ་ངན་པ་དང་། 
461	22	དེ་དག་ལས་བཟློག་པ་ནི་ཞི་བ་དང་། གྱ་ནོམ་པ་དང་། ངེས་པར་འབྱུང་བའི
462	5	ཞར་ལ་འོངས་པ་རྫོགས་སོ།།།།
463	19	དཀྱུས་མ་ཁོ་ན་བརྗོད་པར་བྱ་སྟེ། ཡང་ཟད་པ་ཤེས་པའི་མཇུག་ཐོགས་སུ་ཅ
464	9	 གལ་ཏེ་མི་གཡོ་ཟད་ཤེས་ལས། །མི་སྐྱེའི་བློ་གྲོས།
465	28	 གལ་ཏེ་དགྲ་བཅོམ་པ་མི་གཡོ་བའི་ཆོས་ཅན་ཞིག་ཡིན་ན་དེ་ལ་ཟད་པ་ཤེས་
466	8	གལ་ཏེ་མིན། ཟད་པ་ཤེས་སམ་མི་སློབ་ལྟ།
467	29	 གལ་ཏེ་མི་གཡོ་བའི་ཆོས་ཅན་མ་ཡིན་ན་ནི་ཟད་པ་ཤེས་པ་ལས་ཟད་པ་ཤེས་པ
468	15	ཡོངས་སུ་ཉམས་པ་སྲིད་པའི་ཕྱིར་མི་སྐྱེ་བ་ཤེས་པ་ནི་མ་ཡིན་ནོ། །
469	16	ཅི་མི་གཡོ་བའི་ཆོས་ཅན་ལ་དེ་མི་སྐྱེ་བ་ཁོ་ན་ཡིན་ནམ་ཞེ་ན།
470	6	 དེ་ནི་དགྲ་བཅོམ་ཐམས་ཅད་ལ། །
471	34	མི་གཡོ་བའི་ཆོས་ཅན་ལ་ཡང་རེས་འགའ་མི་སྐྱེ་བ་ཤེས་པ་ལས་མི་སྐྱེ་བ་
472	25	གང་དག་འབྲས་བུ་བཞིར་བཤད་པ་དེ་དག་གང་གི་འབྲས་བུ་དག་ཡིན་ཞེ་ན་དགེ
473	11	དགེ་སྦྱོང་གི་ཚུལ་ཞེས་བྱ་བ་འདི་ཅི་ཞིག་ཅེ་ན།
474	6	 དགེ་སྦྱོང་ཚུལ་ནི་དྲི་མེད་ལམ། །
475	84	དགེ་སྦྱོང་གི་ཚུལ་ནི་ཟག་པ་མེད་པའི་ལམ་ཡིན་ནོ། །དེས་ཉོན་མོངས་པ་
476	36	དགེ་སྦྱོང་གི་ཚུལ་དེའི་འབྲས་བུ་འདུས་བྱས་འདུས་མ་བྱས། དགེ་སྦྱོང
477	7	གཞན་ཡང་དེ་དག་བརྒྱད་ཅུ་རྩ་དགུའོ། །
478	11	དེ་དག་ཀྱང་གང་ཞེ་ན། །གྲོལ་ལམ་ཟད་པ་རྣམས་དང་བཅས། །
479	142	མཐོང་བས་སྤང་བར་བྱ་བ་སྤོང་བར་བྱེད་པའི་བར་ཆད་མེད་པའི་ལམ་བརྒྱད་
480	31	དེ་ལྟར་ན་འོ་ན་ནི་སངས་རྒྱས་ཀྱིས་གསུངས་པ་ཁ་བསྐང་བར་བྱ་དགོས་པར་
481	12	 འབྲས་བུ་བཞི་རྣམ་གཞག་པ་ནི། །རྒྱུ་ལྔ་དག་ནི་སྲིད་ཕྱིར་རོ། །
482	26	བཅོམ་ལྡན་འདས་ཀྱིས་སྤོང་བའི་ལམ་གྱི་གནས་སྐབས་གང་ལ་རྒྱུ་ལྔ་སྲིད
483	29	ལྔ་གང་ཞེ་ན། །འབྲས་ལ་སྔོན་ལམ་བཏང་བ་དང་། །གཞན་ཐོབ་པ་དང་ཟད་བསྡོ
484	25	ལམ་སྔ་མ་བཏང་བ་དང་སྔོན་མེད་པའི་ལམ་ཐོབ་པ་ནི་ཞུགས་པ་དང་འབྲས་བུའ
485	14	སྤངས་པ་བསྡོམས་པ་ནི་ཐམས་ཅད་ཀྱིས་ཐོབ་པ་ཅིག་རྙེད་པའི་ཕྱིར་རོ། །
486	17	ཤེས་པ་བརྒྱད་ཅིག་ཅར་དུ་འཐོབ་པ་ནི་ཆོས་དང་རྗེས་སུ་ཤེས་པ་རྣམ་པ་བ
487	27	རྣམ་པ་བཅུ་དྲུག་ཐོབ་པ་ནི་མི་རྟག་པའི་རྣམ་པ་ལ་སོགས་པ་སྟེ། རྒྱུ་
488	36	གལ་ཏེ་ཟག་པ་མེད་པའི་ལམ་ཁོ་ན་དགེ་སྦྱོང་གི་ཚུལ་ཡིན་ན་འཇིག་རྟེན་
489	12	 འཇིག་རྟེན་པ་ཡིས་ཐོབ་འབྲས་ནི། །བསྲེས་དང་ཟག་མེད་ཐོབ་འཛིན་ཕྱིར
490	62	དེ་ལ་ནི་ལན་ཅིག་ཕྱིར་འོང་བའི་འབྲས་བུ་འམ་ཕྱིར་མི་འོང་བའི་འབྲས་
491	67	དེ་ཉིད་ཀྱི་ཕྱིར་མདོ་ལས། ལན་ཅིག་ཕྱིར་འོང་བའི་འབྲས་བུ་གང་ཞེ་ན།
492	38	དེའི་སྟོབས་ཀྱིས་ཡོངས་སུ་ཉམས་པ་མི་འཆི་བའི་ཕྱིར་བྲལ་བའི་ཐོབ་པ་
493	16	དགེ་སྦྱོང་གི་ཚུལ་དུ་བཤད་པ་གང་ཡིན་པ། དེ་ཉིད་ཚངས་ཚུལ་ཚངས་པ་ཡི།
494	76	ཉོན་མོངས་པ་རྣམས་སྤོང་བའི་ཕྱིར་ཚངས་པའི་ཚུལ་ལོ། །ཚངས་པའི་འཁོར་
495	25	ཆོས་ཀྱི་འཁོར་ལོ་མཐོང་བའི་ལམ། རྒྱུ་བས་ན་འཁོར་ལོའོ། །དེ་དང་ཆོས
496	61	འདིའི་ཆོས་མཐུན་པ་ཇི་ལྟ་བུ་ཞེ་ན། མྱུར་བར་འགྲོ་སོགས་རྩིབས་སོགས
497	77	བཙུན་པ་དབྱངས་སྒྲོགས་ན་རེ་འཕགས་པའི་ལམ་ཡན་ལག་བརྒྱད་པ་ནི་རྩིབས་
498	36	མཐོང་བའི་ལམ་ཆོས་ཀྱི་འཁོར་ལོ་ཡིན་ནོ་ཞེས་བྱ་བ་འདི་ག་ལས་ཤེ་ན་འཕ
499	141	ཇི་ལྟར་ན་དེ་ལན་གསུམ་དུ་བཟླས་པ་དང་རྣམ་པ་བཅུ་གཉིས་ཡིན་ཞེ་ན། བྱ
500	151	གལ་ཏེ་དེ་ལྟ་ན་འོ་ན་ནི་མཐོང་བའི་ལམ་ཁོ་ན་ལ་ལན་གསུམ་དུ་བཟླས་པ་ཡ
501	61	དེ་བསྐོར་བ་ནི་གཞན་གྱིས་རྒྱུད་ལ་གོ་བར་བྱེད་པ་སྟེ། དོན་ཤེས་པར་
502	85	ཡང་ཁམས་གང་དུ་དགེ་སྦྱོང་གི་ཚུལ་གྱི་འབྲས་བུ་དུ་དག་ཅིག་འཐོབ་ཅེ་
503	47	ཅིའི་ཕྱིར་མི་འཐོབ་ཅེ་ན། གོང་ན་མཐོང་ལམ་མེད། འདོད་པའི་ཁམས་ལས་ག
504	30	ཅིའི་ཕྱིར་དེ་ན་མཐོང་བའི་ལམ་མེད་ཅེ་ན། རེ་ཞིག་གཟུགས་མེད་པའི་ཁམ
505	71	གཟུགས་ཀྱི་ཁམས་ན་ནི། མི་སྐྱེ་ལུང་ལས་འདིར་རྩོམ་ཞིང་། །དེར་མཐར་
506	36	ལུང་ཡང་། བར་མ་དོར་ཡོངས་སུ་མྱ་ངན་ལས་འདའ་བས་ན་གོང་དུ་འཕོ་བའི་བ
507	19	རྩོམ་པ་ཞེས་བྱ་བ་ནི་ལམ་རྩོམ་པ་ཡིན་ཏེ། མྱ་ངན་ལས་འདས་པའི་ཐབས་ཡི
508	14	འདི་སྐད་དུ། གལ་ཏེ་མི་གཡོའི་ཟད་ཤེས་ལ། །མི་སྐྱེ་བློ་གྲོས་ཞེས་བ
509	64	ཅི་དགྲ་བཅོམ་པ་ལ་ཡང་དབྱེ་བ་ཡོད་དམ་ཞེ་ན་སྨྲས་པ་ཡོད་དེ། དགྲ་བཅོ
510	29	དེ་དག་ལས། ལྔ་ནི་དད་པས་མོས་ལས་སྐྱེས། །མི་གཡོ་བའི་ཆོས་ཅན་མ་གཏོ
511	120	དེ་དག་རྣམ་གྲོལ་དུས་དང་སྦྱོར། །ལྔ་པོ་འདི་དག་གི་སེམས་ཀྱི་རྣམ་པ
512	34	མི་གཡོའི་ཆོས་ཅན་མི་གཡོ་བ། །མི་གཡོ་བའི་ཆོས་ཅན་གྱི་རྣམ་པར་གྲོལ
513	91	དེའི་ཕྱིར་དེ་དུས་མི་སྦྱོར་གྲོལ། །དེ་ཉིད་ཀྱི་ཕྱིར་དེ་ནི་དུས་ད
514	26	དེ་ནི་མཐོང་ཐོབ་རྒྱུ་ལས་བྱུང་། །མི་གཡོ་བའི་ཆོས་ཅན་དེ་ནི་མཐོང་
515	26	ཅི་དགྲ་བཅོམ་པ་དྲུག་པོ་འདི་དག་དང་པོ་ཁོ་ན་ནས་དེའི་རིགས་ཅན་ཁོ་ན
516	75	ཁ་ཅིག་དང་པོ་ནས་དེའི་རིགས། །ཁ་ཅིག་སྦྱངས་པ་ལས་གྱུར་ཏོ། །ཁ་ཅིག་
517	167	དེ་ལ་ཡོངས་སུ་ཉམས་པའི་ཆོས་ཅན་ནི་ཡོངས་སུ་ཉམས་པར་འགྱུར་བའི་སྐལ་
518	69	དང་པོ་གཉིས་ནི་སྔོན་སློབ་པའི་གནས་སྐབས་ཁོ་ན་ན་རྒྱུན་དུ་སྦྱོར་བ
519	135	ཡོངས་སུ་ཉམས་པའི་ཆོས་ཅན་ཡང་གདོན་མི་ཟ་བར་ཡོངས་སུ་ཉམས་པར་འགྱུར་
520	198	འདི་དག་ལས་གང་ཞིག་འབྲས་བུ་འམ་རིགས་གང་ལས་ཡོངས་སུ་ཉམས་པར་འགྱུར་
521	91	དེ་ལྟར་བྱས་ན་ཡོངས་སུ་ཉམས་པའི་ཆོས་ཅན་ནི་རྣམ་པ་གསུམ་ཡིན་ཏེ། དེ
522	51	དེ་སློབ་པར་གྱུར་ན་གང་གི་རིགས་དང་པོ་གང་ཡིན་པ་དེ་ཁོ་ན་ལ་གནས་ཀྱ
523	243	ཅིའི་ཕྱིར་འབྲས་བུ་དང་པོ་ལས་ཡོངས་སུ་ཉམས་པ་མེད་ཅེ་ན། མཐོང་བས་ས
524	151	གཞན་དག་ནི་འདི་སྐད་ཅེས་ཟེར་ཏེ། འདི་ལྟར་བསྒོམ་པས་སྤང་བར་བྱ་བ་ར
525	25	མདོ་སྡེ་པ་རྣམས་ན་རེ་དགྲ་བཅོམ་པ་ཉིད་ལས་ཀྱང་ཡོངས་སུ་ཉམས་པ་མེད་
526	12	འདི་ཇི་ལྟར་ཁོང་དུ་ཆུད་ཅེ་ན། ལུང་དང་རིགས་པ་ལས་སོ། །
527	158	ལུང་ལས་ཇི་ལྟ་བུ་ཞེ་ན། དགེ་སློང་དག་འཕགས་པའི་ཤེས་རབ་ཀྱིས་སྤངས་
528	135	ཅི་དེ་དགྲ་བཅོམ་པ་ཉིད་ཡིན་ནམ། འོན་ཏེ་བསམ་གཏན་པ་རྣམས་ཡིན་ཞེས་བ
529	71	གལ་ཏེ་ཡང་དགྲ་བཅོམ་པ་ཉིད་ལས་ཡོངས་སུ་ཉམས་པ་སྲིད་པ་ཞིག་ཏུ་གྱུར་
530	109	མཐོང་བའི་ཆོས་ལ་བདེ་བར་གནས་པ་དག་ལས་ནི་ལ་ལ་ནི་རྙེད་པ་དང་བཀུར་ས
531	133	ཡོངས་སུ་མི་ཉམས་པའི་ཆོས་ཅན་དང་། གནས་པ་ལས་མི་བསྐྱོད་པ་དང་། མི་
532	97	ཚེ་དང་ལྡན་པ་གནག་ཚོགས་ཅན་སློབ་པར་གྱུར་པ་ཧ་ཅང་རོ་མྱང་བའི་ཕྱིར་
533	196	བཅུ་ལས་འཕྲོས་པ་ལས་ཀྱང་བསྐྱེད་པར་བྱ་བའི་ཆོས་ནི་གཅིག་སྟེ། སེམས
534	50	འོ་ན་དུས་ཀྱིས་རྣམ་པར་གྲོལ་བའི་དགྲ་བཅོམ་པ་ཞེས་ཇི་སྐད་ཅེས་བྱ་ཞ
535	198	ཆོས་མངོན་པ་ལས་ཀྱང་། གནས་གསུམ་གྱིས་འདོད་པའི་འདོད་ཆགས་ཀྱི་ཕྲ་ར
536	63	འོ་ན་ནི་གང་ལས་འདི་སྐད་དུ་འཕགས་པ་ཉན་ཐོས་ཐོས་པ་དང་ལྡན་པ་དེ་ལྟར
537	135	དེ་ནི་དེ་ལས་དགྲ་བཅོམ་པ་ཁོ་ན་ཡིན་པར་བསྟན་ཏེ། ཡུན་རིང་པོ་ནས་སེ
538	20	བྱེ་བྲག་ཏུ་སྨྲ་བ་རྣམས་ནི་དགྲ་བཅོམ་པ་ཉིད་ལས་ཀྱང་ཡོངས་སུ་ཉམས་པ
539	57	ཅི་དགྲ་བཅོམ་པ་དེ་དག་ཁོ་ན་རིགས་དྲུག་དང་ལྡན་ནམ། འོན་ཏེ་གཞན་དག་
540	34	གཞན་ཡང་། མཐོང་བ་ལ་ནི་འཕོ་བ་མེད། །མཐོང་བའི་ལམ་ལས་གཞན་པ་ལ་དབང་
541	22	ལ་ལ་ནི་སོ་སོའི་སྐྱེ་བོའི་གནས་སྐབས་ན་དབང་པོ་རྣམས་འཕོའོ། །ལ་ལ་
542	126	མདོ་ལས་འདི་སྐད་དུ། འདིས་མཐོང་བའི་ཆོས་ལ་བདེ་བར་གནས་པ་ལྷག་པའི་
543	61	གལ་ཏེ་ཡོན་ཏན་ཐོབ་པ་ལས་ཡོངས་སུ་ཉམས་ན་ཐོབ་པ་ལས་ཡོངས་སུ་ཉམས་པ་ཡ
544	18	ཡོངས་སུ་ཉམས་པ་འདི་རྣམས་ལས། །སྟོན་པ་ཐ་མ་མི་གཡོ་ལ། །བར་མའང་གཞན
545	87	སངས་རྒྱས་ལ་ན་ཉེ་བར་སྤྱད་པ་ལས་ཡོངས་སུ་ཉམས་པ་ཁོ་ན་མངའི་གཞན་ནི་
546	55	ཡོངས་སུ་མི་ཉམས་པར་སྨྲ་བ་ན་རེ་ཐམས་ཅད་ཀྱི་རྣམ་པར་གྲོལ་བ་ཟག་པ་མ
547	108	ཡང་གང་ཞིག་དགྲ་བཅོམ་པའི་འབྲས་བུ་ལས་ཡོངས་སུ་ཉམས་ན་ཅི་དེ་ཡང་སྐྱ
548	53	འབྲས་བུ་གང་ཞིག་ལས་ཡོངས་སུ་ཉམས་པ་ནི་འབྲས་བུ་དེ་ལ་གནས་པས་བྱ་བ་
549	117	ཡང་དབང་པོ་རྣམས་འཕོ་བ་ལ་བར་ཆད་མེད་པ་དང་རྣམ་པར་གྲོལ་བའི་ལམ་དུ་
550	41	མཐོང་བས་ཐོབ་ལ་རེ་རེའོ། །མཐོང་བས་ཐོབ་པ་རྟོགས་པར་བྱེད་ན་བར་ཆད་
551	32	བར་ཆད་མེད་པ་དང་རྣམ་པར་གྲོལ་བའི་ལམ་དེ་དག་ཐམས་ཅད་ནི། ཟག་མེད། འ
552	33	དབང་པོ་རྣམས་གང་དུ་འཕོ་ཞེ་ན། མི་ཡི་ནང་དུ་འཕོ། །མི་རྣམས་ཀྱི་ནང
553	126	གང་ཞིག་ས་གང་ལ་བརྟེན་ནས་དབང་པོ་རྣམས་འཕོ་བར་བྱེད་ཅེ་ན། མི་སློབ
554	34	དགྲ་བཅོམ་པ་འདི་དག་ཐམས་ཅད་ནི་དབང་པོའི་བྱེ་བྲག་ལས་དགུ་ཁོ་ན་ཡིན
555	79	ཉན་ཐོས་བདུན་གང་ཞེ་ན། །ཡོངས་སུ་ཉམས་པའི་ཆོས་ཅན་ལ་སོགས་པ་ལྔ་དང་
556	58	འཕགས་པའི་གང་ཟག་རྣམས་ནི་ཐམས་ཅད་དུ་བདུན་ཡིན་ཏེ། དད་པས་རྗེས་སུ་
557	20	གང་ཟག་བདུན་པོ་དེ་དག་ཀྱང་སྦྱོར་བ་དང་། དབང་པོ་སྙོམས་འཇུག་རྣམ་ག
558	142	སྦྱོར་བ་ལས་ནི་དད་པས་རྗེས་སུ་འབྲང་བ་དང་། ཆོས་ཀྱིས་རྗེས་སུ་འབྲ
559	81	དེ་དག་དྲུག །རྫས་སུ་ནི་དེ་དག་དྲུག་ཡིན་ཏེ། འདི་ལྟར་ལམ་གསུམ་ལ་ག
560	140	དེ་ལ་དད་པས་རྗེས་འབྲང་བ་དབང་པོའི་སྒོ་ནས་ནི་གསུམ་མོ། །རིགས་ཀྱི
561	111	གཉི་གའི་ཆ་ལས་རྣམ་པར་གྲོལ་བ་ཞེས་བྱ་བ་འདི་ནི་གང་། ཤེས་རབ་ཀྱིས་
562	319	བཅོམ་ལྡན་འདས་ཀྱིས། འདི་ལ་གང་ཞིག་ཉོན་མོངས་ལྔ་སྤངས་ཏེ། །མི་འཕྲ
563	86	འཇིག་རྟེན་པ་དང་འཇིག་རྟེན་ལས་འདས་པ་དང་། མཐོང་བ་དང་བསྒོམ་པ་དང་
564	68	སྦྱོར་བའི་ལམ་ནི་གང་གི་མཇུག་ཐོགས་སུ་བར་ཆད་མེད་པའི་ལམ་སྐྱེ་བའོ
565	95	ཅིའི་ཕྱིར་ལམ་ཞེས་བྱ་ཞེ་ན། དེ་ནས་དེར་འགྲོ་བའི་ཕྱིར་རམ། འདིས་མ
566	255	ལམ་ནི་བཞི་སྟེ། མངོན་པར་ཤེས་པ་བུལ་ལ་དཀའ་བའི་ལམ་ཡང་ཡོད། མངོན་པ
567	69	ལམ་འདི་ནི་བྱང་ཆུབ་ཀྱི་ཕྱོགས་དང་མཐུན་པ་ཞེས་བྱ་བའི་མིང་འཐོབ་སྟ
568	121	དེ་ལ་ཟད་དང་མི་སྐྱེ་ཤེས་པ་ནི། །བྱང་ཆུབ་ཟད་པ་དང་མི་སྐྱེ་བ་ཤེས་
569	46	རྫས་སུ་བཅུ། བྱང་ཆུབ་ཀྱི་ཕྱོགས་དང་མཐུན་པ་ཐམས་ཅད་ནི་རྫས་སུ་བཅུ
570	23	ཇི་ལྟར་བྱས་པས་ཤེ་ན། དྲན་པ་ཉེར་གཞག་ཤེས་རབ་སྟེ། །བརྩོན་འགྲུས་ཡ
571	237	དྲན་པ་ཉེ་བར་གཞག་པ་དང་ཡང་དག་པར་རབ་ཏུ་འཇོག་པ་དང་། རྫུ་འཕྲུལ་གྱ
572	37	བྱེ་བྲག་ཏུ་སྨྲ་བ་རྣམས་ཀྱི་ལྟར་ན་ལུས་དང་ངག་གི་ལས་དག་ཐ་དད་ཅིང་
573	282	འདི་སྐད་དུ་དྲན་པ་ཉེ་བར་གཞག་པ་ལ་སོགས་པ་ནི་ཤེས་རབ་དང་བརྩོན་འགྲ
574	67	དབང་པོ་རྣམས་ཀྱི་གོ་རིམས་ཅིས་བྱས་ཤེ་ན། དད་པར་གྱུར་པ་ནི་འབྲས་བ
575	50	གནས་སྐབས་གང་དུ་བྱང་ཆུབ་ཀྱི་ཕྱོགས་དང་མཐུན་པ་གང་ཞིག་རབ་ཏུ་འབྱེ
576	189	ལས་དང་པོ་པའི་གནས་སྐབས་སུ་ནི་ལུས་ལ་སོགས་པ་ལ་ཉེ་བར་བརྟག་པའི་ཕྱ
577	46	དེ་ལ་ཆོས་རྣམ་པར་འབྱེད་པ་ཡང་དག་བྱང་ཆུབ་ཀྱི་ཡན་ལག་ནི་བྱང་ཆུབ་ཀ
578	360	གཞན་དག་ནི་གོ་རིམས་མ་ཉམས་པ་ཁོ་ནར་བྱང་ཆུབ་ཀྱི་ཕྱོགས་དང་མཐུན་པ་
579	109	བྱང་ཆུབ་ཀྱི་ཕྱོགས་དང་མཐུན་པ་དུ་ཞིག་ནི་ཟག་པ་དང་བཅས་པ་དག་ཡིན། 
580	235	ས་གང་ན་བྱང་ཆུབ་ཀྱི་ཕྱོགས་དང་མཐུན་པ་དུ་ཞིག་ཡོད་ཅེ་ན་བསམ་གཏན་ད
581	52	བྱང་ཆུབ་ཀྱི་ཕྱོགས་དང་མཐུན་པ་རྣམས་ལ་གནས་པ་གནས་སྐབས་གང་དུ་ཤེས་
582	111	སྡུག་བསྔལ་དང་ཀུན་འབྱུང་བ་དང་འགོག་པའི་བདེན་པ་རྣམས་མངོན་པར་རྟོ
583	39	འདིར་གང་ལ་ཆོས་སུ་དགོངས་པ་ཡིན་ཞེ་ན། ཆོས་བདེན་གསུམ་དང་རང་སངས་ར
584	20	དེ་དག་ནི་དད་པའི་གཞིའི་བྱེ་བྲག་ལས་མིང་གི་སྒོ་ནས་ཤེས་ནས་དད་པ་བ
585	42	རྫས་སུ་གཉིས་ཏེ་དད་པ་དང་། ཚུལ་ཁྲིམས། སངས་རྒྱས་དང་ཆོས་དང་དགེ་འ
586	61	ཅི་འདི་དག་ཟག་པ་དང་བཅས་པ་དག་ཅིག་གམ་ཟག་པ་མེད་པ་དག་ཅིག་ཡིན་ཞེ་ན
587	148	འདི་དག་གི་རིམ་པ་ནི་ལངས་ནས་ཇི་ལྟར་མངོན་སུམ་དུ་བྱེད་པ་དེ་བཞིན་
588	161	མདོ་ལས་སློབ་པ་ནི་ཡན་ལག་བརྒྱད་དང་ལྡན་ནོ། །མི་སློབ་པ་ནི་ཡན་ལག་
589	83	རྣམ་པར་གྲོལ་ཞེས་བྱ་བ་འདི་ཅི་ཞེ་ན། དེ་རྣམ་གཉིས། འདུས་བྱས་དང་འ
590	44	དེ་ཉིད་རྣམ་གྲོལ་གཉིས། རྣམ་པར་གྲོལ་བ་འདུས་བྱས་དེ་ཉིད་མདོ་ལས། 
591	148	གཞན་དག་ན་རེ་མདོ་ལས། སྟག་གི་བྱང་ཆུབ་ཀྱི་བུ་དག་རྣམ་པར་གྲོལ་བ་ཡ
592	9	ཡང་དག་པའི་རྣམ་པར་གྲོལ་བ་བཤད་ཟིན་ཏོ། །
593	59	ཡང་དག་པའི་ལྟ་བ་ལས་མ་གཏོགས་པ་ཡང་དག་པའི་ཤེས་པ་གང་ཞིག་ཡིན་ཞེ་ན།
594	19	སེམས་གང་ཞིག་རྣམ་པར་གྲོལ་བར་འགྱུར། ཅི་འདས་པའམ་མ་འོངས་པའམ་ད་ལྟ
595	12	 མི་སློབ་སེམས་ནི་སྐྱེ་འགྱུར་བ། །སྒྲིབ་པ་ལས་ནི་རྣམ་གྲོལ་འགྱུར
596	91	བསྟན་བཅོས་ལས་མི་སློབ་པའི་སེམས་མ་འོངས་པ་སྒྲིབ་པ་རྣམ་ལས་རྣམ་པར
597	59	འོ་ན་སྐྱེ་བར་འགྱུར་བ་མ་ཡིན་པ་དང་། འཇིག་རྟེན་པ་གང་ཡིན་པ་ཇི་ལྟ
598	35	མ་གྲོལ་བ་ལ་ཡང་འཇིག་རྟེན་པའི་སྐྱེ་བར་འགྱུར་བ་མ་ཡིན་ནམ་ཞེ་ན། ད
599	14	གནས་སྐབས་གང་ཡིན་པའི་ལམ་གྱིས་དེ་སྐྱེ་བའི་སྒྲིབ་པ་སྤོང་ཞེ་ན།
600	13	 འགག་པར་འགྱུར་བའི་ལམ་གྱིས་ནི། །དེ་ཡི་སྒྲིབ་པ་རབ་ཏུ་སྤོང་། །
601	8	དེ་ལྟར་གྱི་ཞེས་བྱ་བའི་ཐ་ཚིག་གོ། །
602	44	རྣམ་པར་གྲོལ་བ་འདུས་མ་བྱས་སུ་བཤད་པ་གང་ཡིན་པ་དང་། ཁམས་གསུམ་པོ་
603	6	 འདུས་མ་བྱས་ཉིད་ཁམས་ཞེས་བྱ། །
604	12	རྣམ་པར་གྲོལ་བ་འདུས་མ་བྱས་དེ་ཉིད་ཁམས་གསུམ་ཡིན་ནོ། །
605	7	དེ་ལ། འདོད་ཆགས་ཀུན་ཟད་འདོད་ཆགས་བྲལ། །
606	12	འདོད་ཆགས་སྤངས་པ་ནི་འདོད་ཆགས་དང་བྲལ་བའི་ཁམས་ཡིན་ནོ། །
607	31	སྤངས་པའི་ཁམས་ནི་གཞན་དག་གོ། །ཡང་དག་པར་ཟད་པ་ཞེས་བྱ་བར་སྦྱར་ཏེ།
608	6	འགོག་པའི་ཁམས་ཞེས་བྱ་བ་གཞི། །
609	26	ཡང་དག་པར་ཟད་པ་ཞེས་བྱ་བ་ཁོ་ནར་སྦྱར་ཏེ། ཉོན་མོངས་པ་ལས་མ་གཏོགས་
610	27	དངོས་པོ་གང་གིས་ཡིད་འབྱུང་བར་འགྱུར་བའི་དངོས་པོ་དེས་འདོད་ཆགས་ད
611	6	 སྡུག་བསྔལ་རྒྱུ་བཟོད་ཤེས་རྣམས་ཀྱིས། །
612	27	ཡིད་འབྱུང་སྡུག་བསྔལ་དང་ཀུན་འབྱུང་ལ་བཟོད་པ་དང་ཤེས་པ་རྣམས་ཁོ་ན
613	10	གང་གིས་སྤོང་འགྱུར་བ། ཀུན་གྱིས་འདོད་ཆགས་བྲལ་བར་འགྱུར། །
614	37	སྡུག་བསྔལ་དང་ཀུན་འབྱུང་བ་དང་འགོག་པ་དང་ལམ་ལ་བཟོད་པ་དང་ཤེས་པ་ག
615	113	དེ་ལྟ་ན་ནི་མུ་བཞི་སྲིད། དེ་ལྟ་ན་མུ་བཞིར་གྲུབ་སྟེ། སྡུག་བསྔལ་
616	55	དེ་ལ་འདོད་ཆགས་དང་བྲལ་བ་ཞིག་བདེན་པ་རྣམས་ལ་ལྟ་ན་ཆོས་ཤེས་པ་དང་བ
617	21	ཆོས་མངོན་པ་མཛོད་ཀྱི་བཤད་པ་ལས་ལམ་དང་གང་ཟག་བསྟན་པ་ཞེས་བྱ་བ་མཛོ
618	7	གནས་བདུན་པ། ཡེ་ཤེས་བསྟན་པའི་བཤད་པ། 
619	55	བཟོད་པ་རྣམས་ཞེས་ཀྱང་འབྱུང་། ཤེས་པ་རྣམས་ཞེས་ཀྱང་འབྱུང་། ཡང་དག
620	6	 དྲི་མེད་བཟོད་རྣམས་ཤེས་པ་ཡིན། །
621	46	དེས་སྤང་བར་བྱ་བའི་ཕྲ་རྒྱས་ཐེ་ཚོམ་མ་སྤངས་པའི་ཕྱིར་རོ། །དེ་དག་
622	6	 ཟད་དང་མི་སྐྱེའི་བློ་ལྟ་མིན། །
623	34	ཟད་པ་ཤེས་པ་དང་མི་སྐྱེ་བ་ཤེས་པ་ནི་ཡང་དག་པའི་རྟོག་པ་མེད་པ་དང་།
624	6	དེ་ལས་གཞན་འཕགས་བློ་གཉི་ག
625	44	 །བཟོད་པ་དང་ཟད་པ་དང་མི་སྐྱེ་བ་ཤེས་པ་དག་ལས་གཞན་པ་ཟག་པ་མེད་པའི
626	4	དྲུག་ནི་ལྟ་བའང་ཡིན། །
627	44	ལྟ་བ་ལྔ་དང་། འཇིག་རྟེན་པའི་ལྟ་བ་ཡང་དག་པའི་ལྟ་བ་སྟེ། འཇིག་རྟེ
628	25	ཇི་སྙེད་ཅིག་གིས་ཤེས་པ་ཐམས་ཅད་བསྡུས་ཤེ་ན། ཤེས་པ་བཅུས་བསྡུས་སོ
629	45	དེ་གཉིས་ལས་ཀྱང་། དང་པོ་ཀུན་རྫོབ་ཅེས་བྱའོ། །ཟག་པ་དང་བཅས་པ་གང་
630	12	ཟག་མེད་རྣམ་གཉིས་ཆོས་དང་ནི། རྗེས་སུ་ཤེས་པ་ཁོ་ན་ཡིན། །
631	19	ཟག་པ་མེད་པའི་ཤེས་པ་ལ་རྣམ་པ་གཉིས་སུ་དབྱེ་སྟེ། ཆོས་ཤེས་པ་དང་། 
632	22	དེ་ལྟར་ན་ཤེས་པ་འདི་གཉིས་ནི་གསུམ་ཡིན་ཏེ། ཀུན་རྫོབ་ཤེས་པ་དང་། 
633	7	དེ་ལ། ཀུན་རྫོབ་ཡུལ་ནི་ཐམས་ཅད་དོ། །
634	21	ཀུན་རྫོབ་ཤེས་པའི་དམིགས་པ་ནི་ཅི་རིགས་པར་འདུས་བྱས་དང་འདུས་མ་བྱ
635	12	ཆོས་ཤེས་བྱ་བའི་སྤྱོད་ཡུལ་ནི། །འདོད་པའི་སྡུག་བསྔལ་ལ་སོགས་པ། །
636	25	ཆོས་ཤེས་པའི་དམིགས་པ་ནི་འདོད་པ་ན་སྤྱོད་པའི་སྡུག་བསྔལ་དང་། དེ་
637	12	རྗེས་སུ་ཤེས་པའི་སྤྱོད་ཡུལ་ནི། །གོང་མའི་སྡུག་བསྔལ་ལ་སོགས་ཡིན།
638	28	རྗེས་སུ་ཤེས་པའི་དམིགས་པ་ནི་གཟུགས་དང་གཟུགས་མེད་པ་ན་སྤྱོད་པའི་
639	6	དེ་དག་ཉིད་བདེན་བྱེ་བྲག་གིས། །
640	42	བཞི་སྟེ། ཆོས་ཤེས་པ་དང་རྗེས་སུ་ཤེས་པ་དེ་དག་ཉིད་བདེན་པའི་བྱེ་བ
641	10	རྣམ་བཞི་དེ་དག་ནི། མི་སྐྱེ་བ་དང་ཟད་པ་ཤེས། །
642	32	ཆོས་དང་རྗེས་སུ་ཤེས་པ་ལྟ་བའི་རང་བཞིན་མ་ཡིན་པ་རྣམ་པ་བཞི་པོ་དེ་
643	12	དེ་གཉིས་དང་པོ་སྐྱེས་པ་ནི། །སྡུག་བསྔལ་རྒྱུ་རྗེས་ཤེས་པ་ཡིན། །
644	46	ཟད་པ་དང་མི་སྐྱེ་བ་ཤེས་པ་དང་པོ་སྐྱེས་པ་ནི་སྡུག་བསྔལ་དང་། ཀུན་
645	52	ཡང་ཅི་རྡོ་རྗེ་ལྟ་བུའི་ཏིང་ངེ་འཛིན་ཀྱང་དེ་གཉིས་དང་དམིགས་པ་གཅི
646	6	བཞི་ལས་ཕ་རོལ་སེམས་རིག་པ། །
647	9	རིག་པར་བྱེད་པས་ན་རིག་པ་སྟེ་ཤེས་པའོ། །
648	35	ཕ་རོལ་གྱི་སེམས་ཤེས་པ་ནི་ཤེས་པ་བཞི་ལས་སྐྱེ་བར་བལྟ་བར་བྱ་སྟེ། 
649	6	དེའི་ངེས་པ་ནི་འདི་ཡིན་ཏེ། །
650	6	དེས་ནི་ས་དབང་གང་ཟག་འདས། །
651	6	ཞིག་དང་མ་སྐྱེས་མི་རིག་གོ། །
652	124	ས་འདས་པ་མི་ཤེས་པ་ནི་བསམ་གཏན་འོག་མའི་ས་པས་བསམ་གཏན་གོང་མའི་ས་པ
653	8	གཞན་ཡང་ཆོས་རྗེས་བློ་ཕྱོགས་ཕན་ཚུན་མིན། །
654	60	ཕ་རོལ་གྱི་སེམས་ཤེས་པ་ཆོས་ཤེས་པའི་ཕྱོགས་དང་མཐུན་པས་ཀྱང་རྗེས་ས
655	52	མཐོང་བའི་ལམ་ལ་ཕ་རོལ་གྱི་སེམས་ཤེས་པ་མེད་དོ། །དེའི་དམིགས་པ་ནི་
656	79	ཉན་ཐོས་ཀྱིས་ནི་ཕ་རོལ་གྱི་སེམས་ཤེས་པས་མཐོང་བའི་ལམ་ལས་སྐད་ཅིག་
657	44	རང་སངས་རྒྱས་ཀྱིས་ནི་དང་པོ་གཉིས་དང་བརྒྱད་པ་ཀུན་འབྱུང་ལ་རྗེས་ས
658	18	སངས་རྒྱས་ཀྱིས་ནི་སྦྱོར་བ་མེད་པར་མཐོང་བའི་ལམ་གྱི་སྐད་ཅིག་མ་ཐམ
659	18	ཡང་ཟད་པ་ཤེས་པ་དང་མི་སྐྱེ་བ་ཤེས་པ་དག་ལ་ཁྱད་པར་ཅི་ཡོད་ཅེ་ན།
660	23	 ཟད་པ་ཤེས་པ་བདེན་རྣམས་ལ། །ཡོངས་ཤེས་ལ་སོགས་ངེས་པའོ། །ཡོངས་ཤེས
661	76	བསྟན་བཅོས་ལས། ཟད་པ་ཤེས་པ་གང་ཞེ་ན། བདག་གིས་སྡུག་བསྔལ་ཡོངས་སུ་
662	57	མི་སྐྱེ་བ་ཤེས་པ་གང་ཞེ་ན། བདག་གིས་སྡུག་བསྔལ་ཡོངས་སུ་ཤེས་ཏེ། ཡ
663	44	ཇི་ལྟར་ན་ཟག་པ་མེད་པའི་ཤེས་པས་དེ་ལྟར་ཤེས་ཤེ་ན། ཁ་ཆེ་བ་རྣམས་ན་
664	53	གཞན་དག་ན་རེ་ཟག་པ་མེད་པས་ཀྱང་དེ་ལྟར་ཤེས་ཏེ། མཐོང་བ་སྨོས་པ་ནི་
665	62	དེ་ལྟར་ན་དེ་དག་ནི་ཤེས་པ་བཅུ་ཡིན་ཏེ། འདི་ལྟ་སྟེ་ཆོས་ཤེས་པ་དང་
666	111	དེ་ལ་ཀུན་རྫོབ་ཤེས་པ་ནི་ཤེས་པ་གཅིག་ཡིན་ལ་གཅིག་གི་ཆ་ཡང་ཡིན་ནོ།
667	12	ཅིའི་ཕྱིར་དེ་དག་གསུམ་ཡོད་ལ་བཅུར་རྣམ་པར་གཞག་ཅེ་ན།
668	27	 རང་བཞིན་དང་ནི་གཉེན་པོ་དང་། །རྣམ་པ་རྣམ་པ་སྤྱོད་ཡུལ་དང་། །སྦྱ
669	223	རྒྱུ་བདུན་གྱིས་ཤེས་པ་བཅུར་རྣམ་པར་གཞག་གོ་ཞེས་གྲག་སྟེ། རང་བཞིན
670	6	ཁམས་གསུམ་གྱི་ནི་གཉེན་པོ་ཡིན། །
671	23	འགོག་པ་དང་ལམ་ལ་ཆོས་ཤེས་པ་བསྒོམ་པའི་ལམ་གྱིས་བསྡུས་པ་དག་ནི་ཁམས
672	6	འདོད་པའི་ཁམས་ཀྱི་རྗེས་མ་ཡིན། །
673	17	འདོད་པའི་ཁམས་ཀྱི་གཉེན་པོ་རྗེས་སུ་ཤེས་པ་ནི་རྣམ་པ་ཐམས་ཅད་དུ་མེ
674	15	ཤེས་པ་བཅུ་པོ་དེ་དག་ལས། །ཆོས་ཤེས་པ་དང་རྗེས་སུ་ཤེས། །རྣམ་པ་བཅུ
675	7	 །དེ་དག་ནི་འོག་ནས་བཤད་པར་བྱའོ། །
676	41	ཀུན་རྫོབ་ནི། དེ་བཞིན་གཞན་དུའང་། ཀུན་རྫོབ་ཤེས་པ་ནི་རྣམ་པ་བཅུ་
677	42	རང་རང་གི་བདེན་པའི་རྣམ་པས་བཞི་ཡིན་ནོ། །སྡུག་བསྔལ་དང་ཀུན་འབྱུང
678	45	ཕ་རོལ་ཡིད་ཤེས་དྲི་མེད་ཀྱང་། དེ་བཞིན་ཕ་རོལ་གྱི་སེམས་ཤེས་པ་ཟག་
679	54	དྲི་མ་དང་བཅས་ནི། ཤེས་བྱའི་རང་གི་མཚན་ཉིད་རྣམས། ཕ་རོལ་གྱི་སེམས
680	45	གཉི་ག་ཡང་། རྫས་རེ་རེ་ཞིག་སྤྱོད་ཡུལ་ལོ། །གང་གི་ཚེ་སེམས་འཛིན་པ
681	151	འོ་ན་བཅོམ་ལྡན་འདས་ཀྱིས་འདོད་ཆགས་དང་བཅས་པའི་སེམས་ལ་ཡང་འདོད་ཆག
682	70	ཁ་ཅིག་ན་རེ་མདོ་འདིར་ནི་འདོད་ཆགས་དང་མཚུངས་པར་ལྡན་པའི་སེམས་ནི་
683	95	གཞན་དག་ན་རེ་དེ་ལྟ་ན་ནི་འོ་ན་དེའི་གཉེན་པོ་མ་ཡིན་པའི་སེམས་ཉོན་
684	47	བྱེ་བྲག་ཏུ་སྨྲ་བ་རྣམས་ན་རེ་ཀུན་དུ་བསྡུས་པ་ནི་དམིགས་པ་ལ་མངོན་
685	32	ནུབ་ཕྱོགས་པ་རྣམས་ན་རེ་ཀུན་ཏུ་བསྡུས་པ་ནི་གཉིད་དང་མཚུངས་པར་ལྡན
686	83	དེ་སྐད་དུ་མི་བརྗོད་དེ། ཉོན་མོངས་པ་ཅན་གྱི་གཉིད་དང་མཚུངས་པར་ལྡ
687	32	སེམས་ཞུམ་པ་ནི་ལེ་ལོ་དང་མཚུངས་པར་ལྡན་པའི་ཕྱིར་ཉོན་མོངས་པ་ཡིན་
688	34	ཆུང་ངུ་ནི་རྣམ་པར་བྱང་བ་ཆུང་ངུ་དག་གིས་བསྟེན་པའི་ཕྱིར་ཉོན་མོངས
689	45	རྩ་བ་དང་། རིན་དང་། འཁོར་དང་། རྗེས་སུ་འབྲང་བ་དང་། སྟོབས་ཆེ་ཆུ
690	36	ཉོན་མོངས་པ་ཅན་ནི་འབད་པས་བསྒྲུབ་པར་བྱ་བ་མ་ཡིན་པའི་ཕྱིར་རིན་ཆུ
691	52	ཉོན་མོངས་པ་ཅན་ནི་དེ་དང་འདྲ་བ་མ་འོངས་པ་འཐོབ་པའི་ཕྱིར་འཁོར་མང་
692	17	ཡང་ཉོན་མོངས་པ་ཅན་ནི་སྟོབས་ཆུང་བ་ཡིན་ནོ། །དགེ་བ་ནི་སྟོབས་ཆེ་བ
693	39	སྡུག་བསྔལ་ལ་ཆོས་ཤེས་པའི་བཟོད་པ་གཅིག་གིས་ཀྱང་ཕྲ་རྒྱས་བཅུ་གཏན་
694	31	རྒོད་པ་ནི་རྒོད་པ་དང་མཚུངས་པར་ལྡན་པའི་ཕྱིར་ཉོན་མོངས་པ་ཅན་ཡིན་
695	13	རྣམ་པར་མ་ཞི་བ་དང་། རྣམ་པར་ཞི་བ་ཡང་དེ་དང་འདྲའོ། །
696	34	མཉམ་པར་མ་བཞག་པ་ནི་རྣམ་པར་གཡེང་བ་དང་མཚུངས་པར་ལྡན་པའི་ཕྱིར་ཉོན
697	33	མ་བསྒོམས་པ་ནི་འཐོབ་པ་དང་བསྟེན་པའི་བསྒོམ་པ་དག་གིས་མ་བསྒོམས་པའ
698	46	རྣམ་པར་མ་གྲོལ་བ་ནི་རང་བཞིན་དང་རྒྱུད་རྣམ་པར་མ་གྲོལ་བ་དག་གིས་ར
699	26	དེ་ལྟ་ན་ནི་མདོ་དང་མི་མཐུན་པར་བྱས་པ་ཡང་ཡིན་ལ། ཚིག་དེ་རྣམས་ཀྱི
700	94	ཇི་ལྟར་ན་མདོ་དང་མི་མཐུན་པར་བྱས་པ་ཡིན་ཞེ་ན། མདོ་ལས་ཇི་ལྟར་ན་ས
701	62	སེམས་དེ་ཉིད་ཀུན་དུ་བསྡུས་པ་ཡིན་ལ་རྣམ་པར་གཡེངས་པ་ཡང་ཡིན་པར་འག
702	27	བསྟན་བཅོས་དང་འགལ་བར་འགྱུར་རོ་ཞེས་ཀྱང་བཤད་པ་མ་ཡིན་ནམ། བསྟན་བཅ
703	83	ཇི་ལྟར་ན་ཚིག་དེ་རྣམས་ཀྱི་དོན་གྱི་ཁྱད་པར་མ་བཤད་པ་ཡིན་ཞེ་ན། སེ
704	84	ཚིག་རྣམས་ཀྱི་དོན་གྱི་ཁྱད་པར་ནི་མ་བཤད་པ་མ་ཡིན་པ་ཉིད་དེ། ཉོན་མ
705	127	མདོ་དང་འགལ་བ་མ་སྤངས་པའི་ཕྱིར་དེ་ནི་ཚིག་དེ་རྣམས་ཀྱི་དོན་མ་ཡིན
706	40	ཅི་འདི་ལ་བྱང་ཆུབ་ཀྱི་ཡན་ལག་རྣམས་སོ་སོར་བསྒོམ་མམ་ཞེ་ན། འདི་དག
707	69	འདི་ལས་ལེ་ལོ་ལྷག་པའི་སེམས་ནི་ཞུམ་པ་ཞེས་བཤད་ལ། རྒོད་པ་ལྷག་པ་ན
708	170	འདོད་ཆགས་དང་ལྡན་པའི་སེམས་ཐམས་ཅད་འདོད་ཆགས་དང་བཅས་པ་ཡིན་ནོ་ཞེས
709	67	དེ་ལྟ་བས་ན་འདིར་འདོད་ཆགས་དང་ལྡན་པས་འདོད་ཆགས་དང་བཅས་པའི་སེམས་
710	59	གང་ལས་འདིའི་སེམས་འདོད་ཆགས་དང་བྲལ་བ་ཡིན། ཞེ་སྡང་དང་བྲལ་བ་དང་།
711	82	ཉོན་མོངས་པ་གཞན་དང་མཚུངས་པར་ལྡན་པའི་སེམས་ཀྱང་འདོད་ཆགས་དང་མཚུང
712	5	ཞར་ལ་འོངས་པས་ཆོག་གོ། །
713	95	གྲུབ་པའི་མཐའ་བརྗོད་པར་བྱ་སྟེ། ཅི་ཕ་རོལ་གྱི་སེམས་ཤེས་པ་ཕ་རོལ་
714	96	གཞན་གྱི་སེམས་ཤེས་པ་ཐམས་ཅད་ནི་སེམས་དང་སེམས་ལས་བྱུང་བ་དང་། རྫས
715	8	ཕ་རོལ་གྱི་སེམས་ཤེས་པ་བཤད་ཟིན་ཏོ། །
716	12	ལྷག་མ་རྣམ་པ་བཅུ་བཞི་ཅན། །སྟོང་དང་བདག་མེད་མ་གཏོགས་སོ། །
717	33	ལྷག་མ་ནི་ཟད་པ་དང་མི་སྐྱེ་བ་ཤེས་པ་དག་སྟེ། དེ་གཉིས་ནི་སྟོང་པ་ད
718	42	དོན་དམ་པ་པ་དག་ཡིན་ཡང་དེ་དག་གི་སྟོབས་ཀྱི་རྗེས་སུ་ཐ་སྙད་འདོགས་
719	18	ཅི་ཟག་པ་མེད་པ་ལ་རང་གི་མཚན་ཉིད་ཀྱི་རྣམ་པ་ཡོད་དམ། འོན་ཏེ་མེད་ཅ
720	14	 རེ་ཞིག་ཁ་ཆེ་བ་རྣམས་ཀྱི་ལྟར་ན། དྲི་མེད་བཅུ་དྲུག་གཞན་རྣམས་མེད
721	15	རྣམ་པ་བཅུ་དྲུག་ལས་མ་གཏོགས་པ་ཟག་པ་མེད་པའི་རྣམ་པ་མེད་དོ། །
722	6	གཞན་ཡོད་ཅེས་བྱ་བསྟན་བཅོས་ལས། །
723	11	གཞན་ཉི་འོག་པ་རྣམས་ན་རེ་ཡོད་དོ་ཞེས་ཟེར་རོ། །
724	95	ཇི་ལྟར་ན་ཁོང་དུ་ཆུད་ཅེ་ན། བསྟན་བཅོས་ལས་ཞེས་བྱ་བ་སྨོས་ཏེ། བསྟ
725	67	གལ་ཏེ་གང་ལས་འདི་ནི་གནས་ཡོད་དོ། །འདི་ནི་གཞི་ཡོད་དོ་ཞེས་དེ་སྙམ
726	164	གལ་ཏེ་འདི་བསྟན་བཅོས་ཀྱི་དོན་ཡིན་པར་འགྱུར་ན། འདི་སྐད་དུ་མཐོང་
727	53	ཅི་རྣམ་པ་བཅུ་དྲུག་པོ་འདི་དག་མིང་གི་སྒོ་ནས་སམ། འོན་ཏེ་རྫས་སུ་
728	11	འདི་སྐད་དུ་བརྗོད་དེ་རྫས་སུ་རྣམ་པ་བཅུ་དྲུག་གོ། །
729	40	དེ་ལ་རྐྱེན་ལ་རག་ལུས་པའི་ཕྱིར་མི་རྟག་པའོ། །གནོད་པའི་བདག་ཉིད་ཡ
730	59	ས་བོན་གྱི་ཆོས་ཀྱི་ཚུལ་གྱིས་རྒྱུའོ། །འབྱུང་བའི་ཆོས་ཀྱི་ཚུལ་གྱ
731	29	ཕུང་པོ་ཞིག་པའི་ཕྱིར་འགོག་པའོ། །མེ་གསུམ་ཞི་བའི་ཕྱིར་ཞི་བའོ། །
732	35	བགྲོད་པའི་དོན་གྱིས་ལམ་མོ། །རིགས་པ་དང་ལྡན་པའི་ཕྱིར་རིགས་པའོ། 
733	36	ཡང་ན་གཏན་དུ་བ་མ་ཡིན་པའི་ཕྱིར་མི་རྟག་པའོ། །ཁུར་ལྟ་བུར་གྱུར་པའ
734	24	འོང་བའི་ཚུལ་གྱིས་རྒྱུའོ། །འབྱུང་བའི་ཚུལ་གྱིས་ཀུན་འབྱུང་བའོ། 
735	36	འབྲེལ་བ་མེད་པས་འབྲེལ་པ་ཞིག་པའི་ཕྱིར་འགོག་པའོ། །འདུས་བྱས་ཀྱི་
736	48	ལམ་ངན་པའི་མི་མཐུན་པའི་ཕྱོགས་ཀྱིས་ལམ་མོ། །རིགས་པ་མ་ཡིན་པའི་མི
737	44	ཇི་ལྟར་འདོད་པ་བརྗོད་པར་བྱ་སྟེ་སྐྱེ་བ་དང་འཇིག་པའི་ཆོས་ཅན་ཡིན་
738	73	རྒྱུ་དང་། ཀུན་འབྱུང་བ་དང་། རབ་ཏུ་སྐྱེ་བ་དང་། རྐྱེན་ཉིད་ནི་གང
739	87	ཡང་འདི་དག་ལ་ཁྱད་པར་ཅི་ཡོད་ཅེ་ན། འདུན་པ་ནི་རྣམ་པ་བཞི་སྟེ། ངའོ
740	116	དེ་ལ་དང་པོ་ནི་སྡུག་བསྔལ་གྱི་དང་པོའི་རྒྱུ་ཡིན་པའི་ཕྱིར་རྩ་བའི
741	223	ཡང་ན་སྲེད་པ་རྣམ་པར་སྤྱད་པ་རྣམས་ཀྱི་འདུན་པ་བཞི་ནི་སྲེད་པའི་བྱ
742	53	འཇུག་པ་མེད་པའི་ཕྱིར་འགོག་པའོ། །སྡུག་བསྔལ་མེད་པའི་ཕྱིར་ཞི་བ་ས
743	62	ལམ་ལྟ་བུར་གྱུར་པའི་ཕྱིར་ལམ་མོ། །ཡང་དག་པ་ཇི་ལྟ་བ་བཞིན་དུ་ཞུགས
744	43	ཡང་ན་རྟག་པ་དང་། བདེ་བ་དང་། བདག་གི་དང་། བདག་ཏུ་ལྟ་བ་སྤྱད་པ་རྣ
745	45	རྒྱུ་མེད་པ་དང་། རྒྱུ་གཅིག་པུ་དང་། འགྱུར་བ་དང་། བློ་སྔར་བཏང་བ
746	99	ཐར་པ་མེད་དོ་སྙམ་དུ་ལྟ་བ་སྤྱད་པ་རྣམས་ཀྱི་གཉེན་པོར་འགོག་པའི་རྣ
747	56	ལམ་མེད་དོ་སྙམ་པ་དང་། ལམ་འདི་ཡིན་ནོ་སྙམ་པ་དང་། གཞན་ཡང་ལམ་ཡིན་
748	117	རྣམ་པ་ཞེས་བྱ་བའི་ཆོས་འདི་ཅི་ཞེ་ན། རྣམ་པ་ཤེས་རབ། དེ་ལྟ་ན་ནི་འ
749	6	ཡོད་པ་ཐམས་ཅད་གཟུང་བྱ་ཡིན། །
750	63	གང་ཅི་ཡོད་ཀྱང་རུང་ཐམས་ཅད་གཟུང་བར་བྱ་བ་ཡིན་ནོ། །དེ་ལྟར་བྱས་ན་
751	73	འདི་མན་ཆད་ནི་ཤེས་པ་བཅུ་པོ་འདི་དག་གི་དགེ་བ་ལ་སོགས་པའི་བྱེ་བྲག
752	17	དང་པོ་ས་རྣམས་ཐམས་ཅད་ན། འདོད་པའི་ཁམས་ནས་སྲིད་པའི་རྩེ་མོའི་བར་
753	25	དྲུག་ན་ཆོས་ཤེས་བྱ། ཆོས་ཤེས་པ་ནི་བསམ་གཏན་བཞི་དང་། མི་ལྕོགས་པ་
754	23	དགུ་ན་རྗེས་ཤེས་བྱ་བ། རྗེས་སུ་ཤེས་པ་ནི་ས་དྲུག་པོ་དེ་དག་ཉིད་དང
755	37	དེ་བཞིན་དུ་དྲུག །སྡུག་བསྔལ་དང་། ཀུན་འབྱུང་དང་། འགོག་པ་དང་། ལ
756	26	དབྱེ་བ་ནི་ཆོས་ཤེས་པས་བསྡུས་པ་རྣམས་ནི་ས་དྲུག་ན་ཡོད་དོ། །རྗེས་
757	6	གཞན་ཡིད་ཤེས་པ་བསམ་གཏན་བཞི། །
758	18	ཕ་རོལ་གྱི་སེམས་ཤེས་པ་ནི་བསམ་གཏན་བཞི་ཁོ་ན་ན་ཡོད་ཀྱི་གཞན་ན་མེད
759	6	དེ་ན་འདོད་དང་གཟུགས་རྟེན་ཅན། །
760	20	ཕ་རོལ་གྱི་སེམས་ཤེས་པ་དེ་ནི་འདོད་པ་དང་གཟུགས་ཀྱི་ཁམས་དག་ཏུ་མངོ
761	6	ཆོས་ཤེས་བྱ་བ་འདོད་རྟེན་ཅན། །
762	27	ཆོས་ཤེས་པ་ནི་འདོད་པའི་ཁམས་ཀྱི་རྟེན་ཅན་ཁོ་ན་ཡིན་གྱི། གཟུགས་དང
763	6	ཁམས་གསུམ་པ་ཡི་རྟེན་ཅན་གཞན། །
764	15	གཞན་གང་ཞེ་ན། ཕ་རོལ་གྱི་སེམས་ཤེས་པ་དང་། ཆོས་ཤེས་པ་མ་གཏོགས་པའོ
765	6	ས་དག་དང་རྟེན་བཤད་ཟིན་ཏོ། །
766	15	དྲན་པ་ཉེ་བར་གཞག་པ་རྣམས་ཀྱིས་བསྡུས་པ་བརྗོད་པར་བྱ་སྟེ། དེ་སྨྲས
767	13	 འགོག་བློ་དྲན་པ་ཉེར་གཞག་པ། །གཅིག་སྟེ་བློ་དང་ཤེས་རབ་དང་། །
768	9	ཤེས་པ་ཞེས་བྱ་བ་ནི་རྣམ་གྲངས་ཡིན་ནོ། །
769	14	འགོག་པ་ཤེས་པ་ནི་གཅིག་སྟེ། ཆོས་དྲན་པ་ཉེ་བར་གཞག་པ་ཡིན་ནོ། །
770	7	ཕ་རོལ་གྱི་སེམས་བློ་ནི་གསུམ་མོ། །
771	22	ཕ་རོལ་གྱི་སེམས་ཤེས་པ་ནི་གསུམ་སྟེ། ཚོར་བ་དང་། སེམས་དང་། ཆོས་ད
772	4	ལྷག་མ་བཞི་ཡིན་ནོ། །
773	26	འགོག་པ་དང་། ཕ་རོལ་གྱི་སེམས་ཤེས་པ་དག་ལས་གཞན་པའི་ཤེས་པ་རྣམས་ནི
774	18	ཤེས་པ་གང་གིས་དམིགས་པ་ཤེས་པ་དུ་ཞིག་ཡིན་ཞེ་ན། ཆོས་བློའི་སྤྱོད་
775	16	ཆོས་ཤེས་པའི་དམིགས་པ་ནི་ཤེས་པ་དགུ་ཡིན་ཏེ། རྗེས་སུ་ཤེས་པ་མ་གཏོ
776	6	ལམ་རྗེས་བློ་ཡི་དགུ་ཡིན་ནོ། །
777	16	རྗེས་སུ་ཤེས་པའི་དམིགས་པ་ཡང་ཤེས་པ་དགུ་ཡིན་ཏེ། ཆོས་ཤེས་པ་མ་གཏོ
778	14	ལམ་ཤེས་པའི་དམིགས་པ་ཡང་དགུ་ཡིན་ཏེ། ཀུན་རྫོབ་ཤེས་པ་མ་གཏོགས་སོ།
779	29	སྡུག་བསྔལ་རྒྱུ་བློའི་གཉིས་ཡིན་ནོ། སྡུག་བསྔལ་དང་ཀུན་འབྱུང་ཤེས
780	35	བཞི་ཡི་བཅུ་ཡིན། ཀུན་རྫོབ་ཤེས་པ་དང་། གཞན་གྱི་སེམས་ཤེས་པ་དང་། 
781	18	གཅིག་གི་མིན། འགོག་པ་ཤེས་པ་ནི་གཅིག་པུའི་དམིགས་པ་ནི་ཤེས་པ་མ་ཡི
782	10	ཆོས་བཅུ་དག་ནི་སྦྱར་བར་བྱ། བཅུ་གང་དག་ཅེ་ན།
783	12	 ཁམས་གསུམ་པ་དང་དྲི་མེད་ཆོས། །འདུས་མ་བྱས་རྣམས་གཉིས་གཉིས་སོ། །
784	59	ཆོས་འདུས་བྱས་རྣམས་ལ་འདོད་པ་དང་། གཟུགས་དང་གཟུགས་མེད་པ་ན་སྤྱོད
785	39	ཆོས་བཅུ་པོ་འདི་དག་ཇི་ལྟར་སྦྱར་བར་བྱ་ཞེ་ན། ཤེས་པ་གང་གིས་དམིགས
786	24	ཆོས་ཤེས་པ་ནི་ལྔ་སྟེ། འདོད་པ་ན་སྤྱོད་པ་དང་། ཟག་པ་མེད་པ་དང་། ག
787	28	རྗེས་སུ་ཤེས་པ་ནི་བདུན་ཏེ། གཟུགས་དང་གཟུགས་མེད་པ་ན་སྤྱོད་པ་དང་
788	24	སྡུག་བསྔལ་དང་། ཀུན་འབྱུང་ཤེས་པ་དག་གི་ནི་དྲུག་སྟེ། འདོད་པ་དང་
789	14	འགོག་པ་ཤེས་པའི་ནི་གཅིག་སྟེ། འདུས་མ་བྱས་དགེ་བ་ཁོ་ན་ཡིན་ནོ། །
790	11	ལམ་ཤེས་པའི་ནི་གཉིས་ཏེ། ཟག་པ་མེད་པ་དག་ཡིན་ནོ། །
791	26	གཞན་གྱི་སེམས་ཤེས་པའི་ནི་གསུམ་སྟེ། འདོད་པ་དང་། གཟུགས་ན་སྤྱོད་
792	26	ཟད་པ་དང་མི་སྐྱེ་བ་ཤེས་པ་དག་གི་དམིགས་པ་ནི་ཆོས་དགུ་ཡིན་ཏེ། འདུ
793	15	ཤེས་པ་གཅིག་གིས་ཆོས་ཐམས་ཅད་ཤེས་པར་འགྱུར་བ་ཡོད་དམ་ཞེ་ན། མེད་དོ
794	14	འོན་ཀྱང་། ཀུན་རྫོབ་གཅིག་པུས་རང་ཚོགས་ལས། །གཞན་ནི་བདག་མེད་ཉིད་
795	27	ཀུན་རྫོབ་ཤེས་པས་ནི་རང་གི་ཚོགས་ལས་གཞན་པའི་ཆོས་ཐམས་ཅད་ནི་བདག་མ
796	45	དེའི་རང་གི་ཚོགས་ནི་རང་གི་ངོ་བོ་དང་དེ་དང་ལྷན་ཅིག་ཏུ་འབྱུང་བའི
797	63	དེ་ཡང་འདོད་པ་ན་སྤྱོད་པ་ནི་ཐོས་པ་དང་། བསམ་པ་ལས་བྱུང་བ་ཡིན་ནོ།
798	3	འདི་ནི་རྫོགས་སོ།།།།
799	6	གང་ཞིག་ཤེས་པ་དུ་དང་ལྡན། །
800	22	ཞེས་བྱ་བ་འདི་བརྗོད་པར་བྱ་སྟེ། རེ་ཞིག་སོ་སོའི་སྐྱེ་བོ་ནི་ཀུན་
801	18	འདོད་ཆགས་དང་བྲལ་བ་ཞིག་ཡིན་ན་ནི་ཕ་རོལ་གྱི་སེམས་ཤེས་པ་དང་ཡང་ལྡ
802	2	འཕགས་པ་ནི།
803	12	 ཟག་མེད་སྐད་ཅིག་དང་པོ་ལ། །ཆགས་ཅན་ཤེས་པ་གཅིག་དང་ལྡན། །
804	31	འདོད་པ་ལས་འདོད་ཆགས་དང་མ་བྲལ་བ་ཞིག་ཡིན་ན། སྡུག་བསྔལ་ལ་ཆོས་ཤེས
805	27	གཉིས་པ་ལ་གསུམ། སྡུག་བསྔལ་ལ་ཆོས་ཤེས་པ་ལ་ནི་ཀུན་རྫོབ་ཤེས་པ་དང་
806	8	ཡན་ཆད་ནི། བཞི་ལ་རེ་རེ་འཕེལ་དང་ལྡན། །
807	72	དེ་ཡན་ཆད་ཀྱི་སྐད་ཅིག་མ་བཞི་ལ་ནི། དེ་ལ་ཤེས་པ་རེ་རེ། འཕེལ་བར་ཤ
808	23	འདོད་ཆགས་དང་བྲལ་བ་ཞིག་ཡིན་ན་ནི་ཐམས་ཅད་དུ་གཞན་གྱི་སེམས་ཤེས་པ་
809	13	ཡང་ན་གནས་སྐབས་གང་དུ་ཤེས་པ་དུ་དག་ཅིག་འཐོབ་ཅེ་ན།
810	13	 མཐོང་བའི་ལམ་ལ་བཟོད་པ་དང་། །ཤེས་པ་ཇི་ལྟར་སྐྱེས་པ་རྣམས། །
811	31	མ་འོངས་པ་འཐོབ། མཐོང་བའི་ལམ་ལ་བཟོད་པའམ། ཤེས་པ་གང་དང་གང་སྐྱེས་
812	22	ཅིའི་ཕྱིར། མཐོང་བའི་ལམ་ལ་ཤེས་པ་དང་། །རྣམ་པ་འདྲ་བ་ཁོ་ན་འཐོབ་ཅ
813	2	དེ་ཉིད་ལས།
814	7	 རྗེས་གསུམ་ལ་ནི་ཀུན་རྫོབ་ཀྱང་། །
815	44	མཐོང་བའི་ལམ་དེ་ཉིད་ལ་སྡུག་བསྔལ་དང་། ཀུན་འབྱུང་དང་། འགོག་པ་ལ་
816	41	དེ་ཉིད་ཀྱི་ཕྱིར་མངོན་རྟོགས་མཐའ་ཞེས་བྱ། དེ་ཉིད་ཀྱི་ཕྱིར་ཀུན་ར
817	40	ཅིའི་ཕྱིར་ལམ་ལ་རྗེས་སུ་ཤེས་པ་ན་འཐོབ་པར་མི་འགྱུར་ཞེ་ན། ལམ་གྱི
818	54	སྡུག་བསྔལ་ཟད་པར་ཡོངས་སུ་ཤེས་པར་བྱ་བ་དང་། ཀུན་འབྱུང་སྤང་བར་བྱ
819	40	དེའི་ཚེ་ཀུན་འབྱུང་བ་ལ་ཡང་ཐམས་ཅད་སྤངས་པ་མ་ཡིན་པས་མངོན་པར་རྟོག
820	22	ལམ་ནི་རིགས་མང་བའི་ཕྱིར། མཐོང་བས་སྤང་བའི་གཉེན་པོར་ཐམས་ཅད་བསྒོ
821	15	གཞན་དག་ན་རེ་མཐོང་བའི་ལམ་གྱི་འཁོར་ཡིན་པའི་ཕྱིར་རོ་ཞེས་ཟེར་རོ།
822	15	འདི་ནི་བསྒྲུབ་པར་བྱ་བ་ཡིན་པའི་ཕྱིར་ཤེས་པར་བྱེད་པ་མ་ཡིན་ནོ། །
823	98	ཅི་ཀུན་རྫོབ་ཤེས་པ་མངོན་པར་རྟོགས་པའི་མཐའ་ལས་བྱུང་བ་དེ་རེས་འགའ
824	30	དེ་ལྟ་བས་ན་དེ་ལྟ་ན་ནི་ཐོབ་པ་མི་འགྲུབ་པ་ཉིད་ཀྱིས་སྔོན་གྱི་སློ
825	84	སྔོན་གྱི་སློབ་དཔོན་དག་ཇི་སྐད་ཟེར་ཞེ་ན། འཇིག་རྟེན་ལས་འདས་པའི་
826	10	བྱེ་བྲག་ཏུ་སྨྲ་བ་རྣམས་ནི་འདི་མི་འདོད་དོ། །
827	97	ས་དུ་པའི་ཀུན་རྫོབ་ཤེས་པ་དེ་འཐོབ་ཅེ་ན། མཐོང་བའི་ལམ་གྱིས་ནི། ར
828	46	དེ་ཡང་དྲན་པ་ཉེ་བར་གཞག་པ་དུ་དག་ཅིག་ཡིན་ཞེ་ན། འགོག་པའི་མཐའ། འག
829	23	གཅིག་གྲངས་བཅད་པས་ལྷག་མ་ནི་དྲན་པ་ཉེ་བར་གཞག་པ་བཞི་ཆར་ཡིན་ནོ་ཞེ
830	58	ཀུན་རྫོབ་ཤེས་པ་མངོན་པར་རྟོགས་པའི་མཐའ་ལས་བྱུང་བ་དེ་ནི་རང་བདེན
831	29	དེ་ནི་མཐོང་བའི་ལམ་གྱིས་འཐོབ་པར་བྱ་བ་ཡིན་པའི་ཕྱིར་འབད་ལས་བྱུང
832	25	འཁོར་དང་བཅས་པ་ལ་སོགས་པ་སྨོས་པའི་ཕྱིར། འདོད་པ་དང་གཟུགས་ན་སྤྱོ
833	63	ཆགས་བཅས་བཅུ་དྲུག་པ་ལ་དྲུག །འཐོབ་ཅེས་བྱ་བར་སྦྱར་ཏེ། འདོད་ཆགས་
834	6	འདོད་ལ་ཆགས་དང་བྲལ་བས་བདུན། །
835	15	འདོད་ཆགས་དང་བྲལ་བས་ནི་བདུན་པ་ཕ་རོལ་གྱི་སེམས་ཤེས་པ་འཐོབ་བོ། །
836	12	དེ་ཡི་གོང་མ་ཆགས་བཅས་ཀྱི། །བསྒོམ་པའི་ལམ་ལ་བདུན་འཐོབ་པོ། །
837	127	སྐད་ཅིག་མ་བཅུ་དྲུག་གི་གོང་མའི་བསྒོམ་པའི་ལམ་ལ་ནི་ཇི་སྲིད་དུ་འ
838	27	ས་བདུན་ལས་རྒྱལ་མངོན་ཤེས་དང་། །མི་གཡོ་འཐོབ་དང་སྤེལ་བསྒོམས་པའི
839	135	ཤེས་པ་བདུན་འཐོབ་བོ་ཞེས་བྱ་བར་སྦྱར་ཏེ། ས་བདུན་ནི་བསམ་གཏན་བཞི་
840	37	མི་གཡོ་བ་རྟོགས་པར་བྱེད་པ་ལ་ནི་ཀུན་རྫོབ་ཤེས་པ་མི་འཐོབ་སྟེ། སྲ
841	104	ས་བདུན་ལས་འདོད་ཆགས་དང་བྲལ་བའི་ཡང་གོང་མ་སྲིད་པའི་རྩེ་མོ་ལས་འད
842	12	སློབ་པ་སྦྱོང་བའི་གྲོལ་བ་ལ། །ཤེས་པ་དྲུག་དང་བདུན་འཐོབ་བམ། །
843	59	སློབ་པ་འདོད་ཆགས་དང་བཅས་པས་ནི་དབང་པོ་སྦྱོང་བའི་རྣམ་པར་གྲོལ་བའ
844	45	འམ་ཞེས་བྱ་བའི་སྒྲ་ནི་ཁ་ཅིག་ན་རེ་གཉི་གས་ཀུན་རྫོབ་ཤེས་པ་ཡང་འཐོ
845	83	བར་ཆད་མེད་པའི་ལམ་ལ་དྲུག །སློབ་པ་འདོད་ཆགས་དང་བྲལ་བ་ཡང་རུང་། འ
846	29	དེ་བཞིན་སྲིད་རྩེའི་རྣམ་རྒྱལ་ལ། །སྲིད་པའི་རྩེ་མོ་ལས་འདོད་ཆགས་
847	5	ཟད་པ་ཤེས་པ་ལ་དགུའོ། །
848	38	སྲིད་པའི་རྩེ་མོ་ལས་འདོད་ཆགས་དང་བྲལ་བ་ལ་རྣམ་པར་གྲོལ་བའི་ལམ་དག
849	6	མི་གཡོ་བས་ནི་བཅུ་འཐོབ་བོ། །
850	20	མི་གཡོ་བའི་ཆོས་ཅན་གང་ཡིན་པ་དེས་ནི་བཅུ་འཐོབ་སྟེ། མི་སྐྱེ་བ་ཤེ
851	8	དེར་འཕོ་བའི་གྲོལ་བ་ཐ་མ་ལའང་། །
852	21	གང་ཞིག་མི་གཡོ་བ་ཉིད་དུ་འཕོ་བ་དེའི་རྣམ་པར་གྲོལ་བའི་ལམ་ཐ་མ་ལ་ཡ
853	7	བཤད་པའི་ལྷག་མ་ལ་བརྒྱད་འཐོབ་བོ། །
854	113	ལྷག་མ་ཡང་གང་ཞིག་ཅེ་ན། འདོད་པའི་ཁམས་ལས་འདོད་ཆགས་དང་བྲལ་བའི་རྣ
855	30	མི་སློབ་པའི་མངོན་པ་ཤེས་པ་ལ་སོགས་པའི་སྦྱོར་བ་དང་། རྣམ་པར་གྲོལ
856	21	མངོན་པར་ཤེས་པ་དང་སྤེལ་མར་བསྒོམ་པའི་བར་ཆད་མེད་པའི་ལམ་རྣམས་ལ་ན
857	25	མངོན་པར་ཤེས་པའི་རྣམ་པར་གྲོལ་བའི་ལམ་གཉིས་ནི་ལུང་དུ་མ་བསྟན་པའི
858	127	སོ་སོའི་སྐྱེ་བོ་ནི་འདོད་པ་དང་། བསམ་གཏན་གསུམ་ལས་འདོད་ཆགས་དང་བ
859	19	སྔོན་མེད་པའི་ལམ་ཐོབ་པ་གཞན་ལ་ནི་ཀུན་རྫོབ་ཤེས་པ་ཁོ་ན་མ་འོངས་པ་
860	54	ཡང་ལམ་གང་ལ་ས་དུ་པའི་ཤེས་པ་ཐོབ་ཅེ་ན། རེ་ཞིག་ཀུན་རྫོབ་ཤེས་པ་ནི
861	6	འོ་ན་ཇི་ལྟ་བུ་ཞེ་ན།
862	13	 གང་ལས་ཆགས་བྲལ་བྱ་ཕྱིར་གང་། །འཐོབ་པ་དེར་ཡང་འོག་མའང་འཐོབ། །
863	50	ས་གང་ལས་འདོད་ཆགས་དང་བྲལ་བ་ལ་ཡང་ལམ་ཡང་སྦྱོར་བའི་ལམ་ལ་སོགས་པ་ར
864	7	ཟད་པ་ཤེས་ལ་ཟག་བཅས་ཀྱང་། །
865	114	ས་ཀུན་ཟད་པ་ཤེས་པ་ལ་ནི་ཟད་པ་ཤེས་པས་འཐོབ་པ་ཟག་པ་དང་བཅས་པའི་ཡོན
866	49	གང་ཅི་རྙེད་པ་དེ་ཐམས་ཅད་འཐོབ་བམ་ཞེ་ན། སྨྲས་པ། གང་སྔོན་མེད་པ་ལ
867	53	ཅི་འཐོབ་པ་རྙེད་པ་ཁོ་ན་ཡིན་ནམ་ཞེ་ན། སྨྲས་པ་མ་ཡིན་ནོ། །འཐོབ་པ་
868	12	གཉེན་པོ་དང་ནི་ཐག་བསྲིང་བའི། །འཐོབ་པ་ཟག་དང་བཅས་པའི་ཡིན། །
869	66	རྙེད་པ་དང་བསྟེན་པ་འཐོབ་པ་དག་ནི་དགེ་བ་འདུས་བྱས་རྣམས་ཀྱི་ཡིན་ཏ
870	22	ཟག་པ་མེད་པ་རྣམས་དང་། ཉོན་མོངས་པ་ཐམས་ཅད་དང་། ལུང་དུ་མ་བསྟན་པ་
871	80	ཆོས་མངོན་པ་པ་ཉི་འོག་པ་རྣམས་ཀྱི་ལྟར་ན་འཐོབ་པ་དྲུག་སྟེ། བཞི་པོ
872	25	གང་དག་ཁ་ཆེ་བ་རྣམས་ན་རེ་དེ་གཉིས་ནི་གཉེན་པོ་དང་ཐག་བསྲིང་བ་འཐོབ
873	15	གང་ཟག་ཐམས་ཅད་ཀྱིས་ཟད་པ་ཤེས་པའི་ཚེ། ཡོན་ཏན་འཐོབ་པའི་ཕྱིར་བཤད་
874	12	སངས་རྒྱས་ཆོས་ནི་མ་འདྲེས་པ། །སྟོབས་ལ་སོགས་པ་བཅོ་བརྒྱད་དོ། །
875	20	གང་དག་སངས་རྒྱས་ཁོ་ནས་ཟད་པ་མཁྱེན་པའི་ཚེ་བརྙེས་པར་འགྱུར་གྱི་གཞ
876	23	བཅོ་བརྒྱད་གང་ཞེ་ན། སྟོབས་བཅུ་དང་། མི་འཇིགས་པ་བཞི་དང་། དྲན་པ་
877	10	ཐུན་མོང་མ་ཡིན་པས་ན་མ་འདྲེས་པ་ཞེས་བྱའོ། །
878	7	དེ་ལ། གནས་དང་གནས་མིན་ཤེས་པ་བཅུ། །
879	14	གནས་དང་གནས་མ་ཡིན་པ་མཁྱེན་པའི་སྟོབས་ནི་ཤེས་པ་བཅུ་ཡིན་ནོ། །
880	25	ལས་འབྲས་ལ་བརྒྱད། ལས་དང་རྣམ་པར་སྨིན་པའམ་མཁྱེན་པའི་སྟོབས་ནི་ཤེ
881	8	བསམ་གཏན་སོགས། དབང་པོ་མོས་དང་ཁམས་ལ་ནི། དགུའོ། །
882	62	བསམ་གཏན་དང་། རྣམ་པར་ཐར་པ་དང་། ཏིང་ངེ་འཛིན་དང་། སྙོམས་པར་འཇུག
883	53	ལམ་དག་ལ་བཅུའམ། འམ་ཞེས་བྱ་བའི་སྒྲ་ནི་དགུ་འམ་ཞེས་ལུགས་ཐ་དད་པའི
884	6	གཉིས་ནི་ཀུན་རྫོབ་ཤེས་པ་ཡིན། །
885	26	སྔོན་གྱི་གནས་རྗེས་སུ་དྲན་པ་མཁྱེན་པའི་སྟོབས་དང་། ཤི་འཕོ་བ་དང་
886	6	ཟད་པ་དྲུག་གམ་བཅུ་ཡིན་ནོ། །
887	83	གལ་ཏེ་ཟག་པ་ཟད་པ་ཤེས་པ་འགོག་པ་ཤེས་པ་ཁོ་ན་ཞིག་ཡིན་ན་ནི་ཟག་པ་ཟད
888	4	རང་བཞིན་བཤད་ཟིན་ཏོ། །
889	6	ད་ནི་ས་བརྗོད་པར་བྱ་སྟེ།
890	6	 སྔོན་གནས་ཤི་འཕོ་སྐྱེ་བའི་སྟོབས། །
891	31	བསམ་གཏན་དག་ན། འཆི་འཕོ་བ་ནི་འཆི་འཕོ་བ་ཁོ་ན་སྟེ། སྔོན་གྱི་གནས་
892	6	ལྷག་མ་ནི་ས་རྣམས་ཀུན་ན། །
893	35	སྟོབས་ལྷག་མ་ནི་ས་ཐམས་ཅད་ཀྱིས་བསྡུས་པ་ཡིན་ཏེ། དེ་དག་ཀྱང་འདོད་
894	20	ཐམས་ཅད་ཀྱང་འཛམ་བུའི་གླིང་གི་སྐྱེས་པའི་རྟེན་ཅན་ཡིན་ཏེ། གཞན་དུ
895	20	ཤེས་པ་རྣམ་པ་བཅུ་པོ་འདི་ཉིད་གཞན་གྱི་ནི་སྟོབས་ཞེས་མི་བྱའི། སངས
896	95	ཅིའི་ཕྱིར། འདིའི་སྟོབས་གང་ཕྱིར་ཐོགས་མི་མངའ། །གང་གི་ཕྱིར་འདིའ
897	28	རེ་ཞིག་དེ་ལྟར་ན་མཁྱེན་པ་ལ་ཐོགས་པ་མི་མངའ་བའི་ཕྱིར། སངས་རྒྱས་ར
898	6	སྐུ་ལ་སྲེད་མེད་བུ་ཡི་སྟོབས། །
899	13	སངས་རྒྱས་ཀྱི་སྐུ་ལ་ནི་སྲེད་མེད་བུའི་སྟོབས་མངའོ་ཞེས་བརྗོད་དོ།
900	19	གཞན་དག་ཚིགས་ན། གཞན་དག་ན་རེ་ཚིགས་དང་ཚིགས་ན་སྲེད་མེད་ཀྱི་བུའི་
901	34	བཙུན་པ་ན་རེ་སྐུའི་སྟོབས་ཀྱང་ཐུགས་ཀྱི་སྟོབས་བཞིན་དུ་མཐའ་ཡས་པ་
902	30	སངས་རྒྱས་དང་རང་སངས་རྒྱས་དང་འཁོར་ལོས་སྒྱུར་བ་རྣམས་ཀྱི་ཚིགས་ཀྱ
903	75	སྲེད་མེད་ཀྱི་བུའི་སྟོབས་ཀྱི་ཚད་ཇི་ཙམ་ཞེ་ན། གླང་ཆེན་སོགས་བདུན
904	74	གཞན་དག་ན་རེ་གླང་པོ་ཆེ་ཕལ་པ་དང་། སྤོས་ཀྱི་གླང་པོ་ཆེ་དང་། ཚན་པ
905	33	དེ་ནི་རེག་བྱའི་སྐྱེ་མཆེད་དོ། །ལུས་ཀྱི་སྟོབས་དེ་ནི་ཐམས་ཅད་ཀྱང
906	19	གཞན་དག་ན་རེ་བདུན་ལས་དོན་གཞན་དུ་གྱུར་པ་རྒྱུར་བྱས་པའི་གཟུགས་ཡི
907	4	སྟོབས་རྣམས་བཤད་ཟིན་ཏོ། །
908	6	མི་འཇིགས་པ་ནི་རྣམ་པ་བཞི། །
909	7	མདོ་ལས་ཇི་སྐད་འབྱུང་བ་བཞིན་ནོ། །
910	22	མི་འཇིགས་པ་བཞི་པོ་དེ་དག་ཀྱང་། ཇི་ལྟར་སྟོབས་ནི་དང་པོ་དང་བཅུ་པ
911	38	གནས་དང་གནས་མ་ཡིན་པ་མཁྱེན་པའི་སྟོབས་ཇི་ལྟ་བར། ཀྱེ་མ་ང་མངོན་པར
912	30	ཟག་པ་ཟད་པ་མཁྱེན་པའི་སྟོབས་ཇི་ལྟ་བར་ཀྱེ་མ་ང་ཟག་པ་ཟད་པར་གྱུར་པ
913	37	ལས་བདག་གིར་བྱ་བ་མཁྱེན་པའི་སྟོབས་ཇི་ལྟ་བར་ངས་གང་དག་ཉན་ཐོས་རྣམ
914	40	ཀུན་དུ་འགྲོ་བའི་ལམ་མཁྱེན་པའི་སྟོབས་ཇི་ལྟ་བར་ངས་གང་ཉན་ཐོས་རྣམ
915	43	ཇི་ལྟར་ན་མཁྱེན་པ་ཉིད་མི་འཇིགས་པ་ཡིན་ཞེ་ན། མི་འཇིགས་པ་ནི་མི་ས
916	21	དྲན་པ་ཉེ་བར་གཞག་པ་ནི་འཁོར་གྱི་བྱེ་བྲག་ལས་གསུམ་ཡིན་ཏེ། མདོ་ལས
917	8	དེ་ཡང་དྲན་པ་ཤེས་རབ་དག་ཉིད་གསུམ། །
918	21	དྲན་པ་ཉེ་བར་གཞག་པ་གསུམ་པོ་འདི་དག་ནི་དྲན་པ་དང་། ཤེས་བཞིན་གྱི་
919	53	གང་གི་ཚེ་ཉན་ཐོས་དག་ཀྱང་གུས་པར་ཉན་པ་དང་། གུས་པར་མི་ཉན་པ་དང་། 
920	69	ཡང་ན་ཉན་ཐོས་རྣམས་གང་ཡིན་པ་དེ་ལ་ནི་གུས་པར་ཉན་པ་དང་། གུས་པར་མི
921	11	ད་ནི་ཐུགས་རྗེ་ཆེན་པོ་བརྗོད་པར་བྱ་སྟེ། དེ་སྨྲས་པ།
922	6	 ཐུགས་རྗེ་ཆེན་པོ་ཀུན་རྫོབ་བློ། །
923	42	ཐུགས་རྗེ་ཆེན་པོ་ནི་ཀུན་རྫོབ་ཤེས་པའི་བདག་ཉིད་ཡིན་ནོ། །དེ་ལྟ་མ
924	23	འདི་ཅིའི་ཕྱིར་ཐུགས་རྗེ་ཆེན་པོ་ཞེས་བྱ་ཞེ་ན། ཚོགས་དང་རྣམ་པ་སྤྱ
925	17	ཚོགས་ནི་བསོད་ནམས་དང་ཡེ་ཤེས་ཀྱི་ཚོགས་ཆེན་པོས་ཡང་དག་པར་འགྲུབ་པ
926	10	རྣམ་པ་ནི་སྡུག་བསྔལ་གསུམ་ལ་རྟོགས་པའི་ཕྱིར་རོ། །
927	12	དམིགས་པ་ནི་ཁམས་གསུམ་པའི་སེམས་ཅན་ལ་དམིགས་པའི་ཕྱིར་རོ། །
928	14	མཉམ་པ་ཉིད་ནི་སེམས་ཅན་ཐམས་ཅད་ལ་འདྲ་བར་འཇུག་པའི་ཕྱིར་རོ། །
929	12	ཆེས་ཆེ་བ་ཉིད་ནི་དེ་བས་ཆེ་བ་མེད་པའི་ཕྱིར་རོ། །
930	45	སྙིང་རྗེ་དང་ཐུགས་རྗེ་ཆེན་པོ་གཉིས་ལ་ཐ་དད་དུ་བྱ་བ་ནི་ཅི་ཞིག་ཡོ
931	16	རྣམ་པ་ལས་ནི་སྡུག་བསྔལ་གཅིག་དང་། གསུམ་གྱི་རྣམ་པ་ཅན་ཡིན་པའི་ཕྱ
932	15	དམིགས་པ་ལས་ནི་ཁམས་གཅིག་དང་། གསུམ་གྱི་སེམས་ཅན་ལ་དམིགས་པའི་ཕྱི
933	16	ས་ལས་ནི་བསམ་གཏན་བཞི་དང་། བསམ་གཏན་བཞི་པའི་ས་པ་ཡིན་པའི་ཕྱིར་རོ
934	19	རྒྱུད་ལས་ནི་ཉན་ཐོས་ལ་སོགས་པ་དང་། སངས་རྒྱས་ཀྱི་རྒྱུད་ལས་སྐྱེ་
935	21	ཐོབ་པ་ལས་ནི་འདོད་པའི་ཁམས་དང་། སྲིད་པའི་རྩེ་མོ་ལས་འདོད་ཆགས་དང
936	22	ཡོངས་སུ་མི་སྐྱོབ་པ་དང་། ཡོངས་སུ་སྐྱོབ་པ་དང་། མི་འདྲ་བ་དང་འདྲ
937	15	ཅི་སངས་རྒྱས་ཐམས་ཅད་རྣམ་པ་ཐམས་ཅད་ཀྱིས་མཉམ་པ་ཡིན་ནམ་ཞེ་ན།
938	25	 སངས་རྒྱས་ཐམས་ཅད་ཚོགས་དང་ནི། །ཆོས་སྐུ་འགྲོ་བའི་དོན་སྤྱོད་པས།
939	118	སངས་རྒྱས་ཐམས་ཅད་ནི་རྒྱུ་གསུམ་པོ་སྔོན་གྱི་བསོད་ནམས་དང་། ཡེ་ཤེ
940	62	ཕུན་སུམ་ཚོགས་པ་རྣམ་པ་གསུམ་པོ་འདི་ཁོ་ན་ཡིད་ལ་བྱེད་པ་མཁས་པས་ནི
941	42	དེ་ལ་རྒྱུ་ཕུན་སུམ་ཚོགས་པ་ནི། རྣམ་པ་བཞི་སྟེ། བསོད་ནམས་དང་ཡེ་ཤ
942	36	འབྲས་བུ་ཕུན་སུམ་ཚོགས་པ་ཡང་རྣམ་པ་བཞི་སྟེ། ཡེ་ཤེས་ཕུན་སུམ་ཚོགས
943	45	ཕན་འདོགས་པ་ཕུན་སུམ་ཚོགས་པ་ཡང་རྣམ་པ་བཞི་སྟེ། ངན་སོང་གསུམ་དང་འ
944	32	ཡེ་ཤེས་ཕུན་སུམ་ཚོགས་པ་ཡང་རྣམ་པ་བཞི་སྟེ། མ་བསྟན་པར་མཁྱེན་པ་དང
945	44	སྤངས་པ་ཕུན་སུམ་ཚོགས་པ་ཡང་རྣམ་པ་བཞི་སྟེ། ཉོན་མོངས་པ་ཐམས་ཅད་སྤ
946	77	མཐུ་ཕུན་སུམ་ཚོགས་པ་ཡང་རྣམ་པ་བཞི་སྟེ། ཕྱིའི་ཡུལ་སྤྲུལ་པ་དང་། 
947	43	གཟུགས་ཀྱི་སྐུ་ཕུན་སུམ་ཚོགས་པ་ཡང་རྣམ་པ་བཞི་སྟེ། མཚན་ཕུན་སུམ་ཚ
948	18	དེ་ལྟར་ན་དེ་དག་ནི་སངས་རྒྱས་རྣམས་ཀྱི་ཆེ་བའི་བདག་ཉིད་མདོར་བསྡུ
949	42	དེ་དབྱེ་ན་ནི་མཐའ་ཡས་པར་འགྱུར་ཏེ། དེ་ཡང་བཅོམ་ལྡན་འདས་རྣམས་ཁོ་
950	38	རེ་ཞིག་དེ་ལྟར་ན་དེ་བཞིན་གཤེགས་པ་རྣམས་ནི་ཡོན་ཏན་དང་ཡེ་ཤེས་དང་
951	111	འོན་ཀྱང་བྱིས་པ་རང་ཉིད་ཡོན་ཏན་དབུལ་བས་མོས་པ་བཅོམ་པ་རྣམས་ནི་ཡོ
952	45	དེ་ཉིད་ཀྱི་ཕྱིར་དེ་བཞིན་གཤེགས་པ་རྣམས་ནི་བསོད་ནམས་ཀྱི་ཞིང་བླ་
953	5	བཅོམ་ལྡན་འདས་ཀྱིས་ཀྱང་།
954	27	 གང་དག་རྒྱལ་བ་རྣམ་འདྲེན་ལ། །བྱ་བ་ཆུང་ངུ་བྱེད་འགྱུར་བའང་། །དེ
955	15	རེ་ཞིག་དེ་དག་ནི་སངས་རྒྱས་ཀྱི་ཆོས་མ་འདྲེས་པ་བཅོ་བརྒྱད་ཅེས་བྱའ
956	6	ཆོས་གཞན་སློབ་དང་ཐུན་མོང་མིན། །
957	15	སངས་རྒྱས་རྣམས་ཀྱི་ཡོན་ཏན་གཞན་དག་ནི་ཉན་ཐོས་དང་ཐུན་མོང་ཡིན་ནོ།
958	26	ཁ་ཅིག་སོ་སོའི་སྐྱེ་བོ་དང་། དེ་དག་ཀྱང་གང་ཞེ་ན། ཅི་རིགས་པར། ཉོ
959	54	ཉོན་མོངས་པ་མེད་པ་དང་། སྨོན་ནས་ཤེས་པ་དང་། སོ་སོ་ཡང་དག་པར་རིག་
960	127	དེ་ལ་ཉོན་མོངས་པ་མེད་པ་ཞེས་བྱ་བ་ནི་དགྲ་བཅོམ་པ་ལ་ལ་སེམས་ཅན་རྣམ
961	14	ཉོན་མོངས་པ་མེད་པ་དེ་ནི། ཀུན་རྫོབ་ཤེས། དེའི་རང་བཞིན་ནི་འདི་ཡི
962	20	བསམ་གཏན་མཐའ་ན་བསམ་གཏན་བཞི་པའི་ས་པ་ཡིན་ཏེ། ལམ་སླ་བ་རྣམས་ཀྱི་མ
963	31	མི་གཡོ་བའི་ཆོས། དགྲ་བཅོམ་པ་གཞན་གྱིས་ནི་མ་ཡིན་ཏེ། གཞན་ནི་རེས་
964	13	མིས་སྐྱེད། གླིང་གསུམ་དུ་མི་དག་གི་ནང་ཁོ་ནར་སྐྱེད་པར་བྱེད་དོ། 
965	81	ཉོན་མོངས་འདོད་གཏོགས་པ། མ་སྐྱེད་གཞིར་བཅས་སྤྱོད་ཡུལ་ཅན། འདིའི་
966	15	ཉོན་མོངས་པ་མེད་པ་ཇི་སྐད་དུ་བཤད་པ། སྨོན་ནས་ཤེས་པའང་དེ་བཞིན་ནོ
967	27	དེ་ཡང་ཀུན་རྫོབ་ཤེས་པ་དང་། །བསམ་གཏན་མཐའ་ན་ཡོད་པ་དང་། །མི་གཡོ་
968	22	དེའི་དམིགས་པ་ཐམས་ཅད་དོ། །སྨོན་ནས་ཤེས་པའི་དམིགས་པ་ནི་ཆོས་ཐམས་
969	46	བྱེ་བྲག་ཏུ་སྨྲ་བ་རྣམས་ན་རེ་སྨོན་ནས་ཤེས་པ་གཟུགས་མེད་པ་རྣམས་མང
970	58	སྨོན་པ་སྔར་བཏང་བའི་ཤེས་པ་ནི་སྨོན་ནས་ཤེས་པ་སྟེ། འདི་ཤེས་པར་བྱ
971	13	དེ་བཞིན་ཆོས་དོན་ངེས་ཚིག་དང་། །སྤོབས་པ་སོ་སོ་ཡང་དག་རིག། །
972	46	སོ་སོ་ཡང་དག་པར་རིག་པ་ནི་བཞི་སྟེ། ཆོས་སོ་སོ་ཡང་དག་པར་རིག་པ་དང
973	13	དེ་དག་ཀྱང་ཉོན་མོངས་པ་མེད་པ་ཇི་ལྟ་བ་དེ་དང་འདྲའོ། །
974	23	དེ་དག་གི་དེ་དང་འདྲ་བ་ཅི་ཞེ་ན། མི་གཡོ་བའི་ཆོས་ཅན་གྱི་ཡིན་པ་དང
975	19	འདི་དག་གི་དམིགས་པ་དང་། ས་དང་། རང་གི་ངོ་བོའི་བྱེ་བྲག་ནི་ཐ་དད་
976	13	 གསུམ་ནི་གོ་རིམས་བཞིན་མིང་དང་། །དོན་དང་ངག་ལ་ཐོགས་མེད་ཤེས། །
977	40	ཆོས་དང་དོན་དང་ངེས་པའི་ཚིག་སོ་སོ་ཡང་དག་པར་རིག་པ་རྣམས་ནི་གོ་རི
978	13	བཞི་པ་རིགས་པ་ཐགས་ཐོགས་མེད། །མངོན་བརྗོད་ལམ་ལ་དབང་ཉིད་དང་། །
979	50	ཐོགས་པ་མེད་པར་ཤེས་པ་ཞེས་བྱ་བར་སྦྱར་ཏེ། སྤོབས་པ་སོ་སོ་ཡང་དག་པ
980	6	དེ་ཡི་དམིགས་པ་ངག་དང་ལམ། །
981	11	དེའི་དམིགས་པ་ནི་ངག་ཀྱང་ཡིན་ལ་ལམ་ཡང་ཡིན་ནོ། །
982	2	ཤེས་པ་དགུའོ། །
983	22	སྤོབས་པ་སོ་སོ་ཡང་དག་པར་རིག་པ་ནི་ཤེས་པ་དགུའི་རང་བཞིན་ཡིན་ཏེ། 
984	33	ས་ཐམས་ཅད། འདི་ནི་ངག་དང་ལམ་གཉིས་ལས་གང་ཡང་རུང་བ་ཞིག་ལ་དམིགས་པའ
985	65	ཡང་དག་དོན་རིག་བཅུའམ་དྲུག །དོན་སོ་སོ་ཡང་དག་པར་རིག་པ་ནི་གལ་ཏེ་
986	18	དོན་ནི་ཀུན་ན། དོན་སོ་སོ་ཡང་དག་པར་རིག་པ་དེ་ནི་ས་ཐམས་ཅད་པ་ཡིན་
987	37	གཞན་ཀུན་རྫོབ། གཞན་ཆོས་དང་ངེས་པའི་ཚིག་སོ་སོ་ཡང་དག་པར་རིག་པ་གཉ
988	6	ཆོས་རིག་འདོད་དང་བསམ་གཏན་ན། །
989	31	ཆོས་སོ་སོ་ཡང་དག་པར་རིག་པ་ནི་ས་ལྔ་པོ་འདོད་པའི་ཁམས་དང་། བསམ་གཏ
990	6	ངག་ནི་འདོད་པ་དང་པོ་ན། །
991	42	ངག་དང་ངེས་པའི་ཚིག་ཅེས་བྱ་བ་ནི་དོན་གཅིག་གོ། །ངེས་པའི་ཚིག་སོ་ས
992	86	བཏགས་པ་ནི་སོ་སོ་ཡང་དག་པར་རིག་པ་རྣམས་འདི་སྐད་དུ་ཚིག་དང་ཡི་གེ་
993	26	ཚིག་ངེས་པ་ནི་ངེས་པའི་ཚིག་སྟེ། དཔེར་ན་གཟུགས་སུ་རུང་བས་ནི་དེའི
994	17	གཞན་དག་ན་རེ་ལན་དང་ལན་ལ་སྤོབས་པས་ན་སྤོབས་པ་ཡིན་ནོ་ཞེས་ཟེར་རོ།
995	53	སོ་སོ་ཡང་དག་པར་རིག་པ་འདི་དག་གི་སྔོན་གྱི་སྦྱོར་བ་ནི་གོ་རིམས་བ
996	15	ཐམས་ཅད་ཀྱི་སྦྱོར་བ་སངས་རྒྱས་ཀྱི་བཀའ་ཁོ་ན་ཡིན་ནོ་ཞེས་བརྗོད་དོ
997	21	གང་ལ་གཅིག་ཡོད་པ་དེ་ལ་གདོན་མི་ཟ་བར་སོ་སོ་ཡང་དག་པར་རིག་པ་བཞི་ཆ
998	6	མ་ཚང་བར་ནི་དེ་ཐོབ་མེད། །
999	17	དེ་དག་མ་ཚང་བར་ནི་སོ་སོ་ཡང་དག་པར་རིག་པ་འཐོབ་པ་མ་ཡིན་ནོ། །
1000	107	ཉོན་མོངས་པ་མེད་པ་ལ་སོགས་པའི་ཡོན་ཏན་བསྟན་པ་གང་དག་ཡིན་པ། དྲུག་
1001	17	རབ་ཀྱི་མཐའ་པ་ཞེས་བྱ་བ་ནི་ཅི་ཞེ་ན། བསམ་གཏན་མཐའ། བསམ་གཏན་བཞི་པ
1002	12	དེ་ནི་ས་ཀུན་གྱིས་མཐུན་པས། །འཕེལ་བའི་རབ་ཏུ་ཕྱིན་པ་ཡིན། །
1003	93	ཇི་ལྟར་ན་ས་ཐམས་ཅད་ཀྱིས་མཐུན་པར་བྱས་པ་ཡིན་ཞེ་ན། འདོད་པ་ན་སྤྱོ
1004	72	ཇི་ལྟར་ན་འཕེལ་བའི་རབ་ཏུ་ཕྱིན་པའི་བར་དུ་ཡིན་ཞེ་ན། དེ་ལྟར་བསྒོ
1005	13	ཡོན་ཏན་དྲུག་པོ་དེ་དག་ཀྱང་། །སངས་རྒྱས་ལས་གཞན་སྦྱོར་ལས་སྐྱེས། 
1006	66	སངས་རྒྱས་ལས་གཞན་པ་ནི་སྦྱོར་བ་ལས་བྱུང་བ་ཡིན་གྱི་འདོད་ཆགས་དང་བ
1007	33	རེ་ཞིག་དེ་དག་ནི་ཉན་ཐོས་དང་། ཐུན་མོང་པའི་ཡོན་ཏན་དག་ཡིན་ནོ། །མ
1008	33	མངོན་པར་ཤེས་པ་ཞེས་བྱ་བ་འདི་ཅི་ཞེ་ན། རྫུ་འཕྲུལ་རྣ་བ་ཡིད་དང་ནི
1009	61	 །རྫུ་འཕྲུལ་གྱི་ཡུལ་ཤེས་པ་མངོན་དུ་བྱ་བའི་མངོན་པར་ཤེས་དང་། ལྷ
1010	15	དེ་དག་ལས་ལྔ་ནི་སོ་སོའི་སྐྱེ་བོ་རྣམས་དང་ཐུན་མོང་བ་ཡིན་ནོ། །
1011	26	དེ་དག་ཐམས་ཅད་ནི། རྣམ་གྲོལ་བློ། །དགེ་སྦྱོང་གི་ཚུལ་གྱི་འབྲས་བུ
1012	23	བཞི་ནི་ཀུན་རྫོབ་ཤེས་པ་སྟེ། །སེམས་ཀྱི་རྣམ་གྲངས་དང་། ཟག་པ་ཟད་པ
1013	38	སེམས་ལ་ཤེས་པ་ལྔ་ཡིན་ནོ། །སེམས་ཀྱི་རྣམ་གྲངས་མངོན་པར་ཤེས་པ་ནི་
1014	49	ཟག་པ་མངོན་ཤེས་སྟོབས་བཞིན་ནོ། །འདི་ནི་ཟག་པ་ཟད་པ་མཁྱེན་པའི་སྟོ
1015	7	ལྷག་མ། ལྔ་ནི་བསམ་གཏན་བཞི་དག་ན། །
1016	13	མངོན་པར་ཤེས་པ་ལྔ་ནི་བསམ་གཏན་བཞིའི་ས་པ་དག་ཡིན་ནོ། །
1017	154	ཅིའི་ཕྱིར་གཟུགས་མེད་པའི་ས་པ་དག་མེད་ཅེ་ན། རེ་ཞིག་གསུམ་ནི་མེད་
1018	87	སྔོན་གྱི་གནས་རྗེས་སུ་དྲན་པར་འདོད་པ་ནི་ཡིད་ཀྱི་རྣམ་པར་ཤེས་པ་འ
1019	15	གནས་གཙང་མ་རྣམས་ཇི་ལྟར་དྲན་ཞེ་ན། ཐོས་པས་ཉམས་སུ་མྱོང་བའི་ཕྱིར་
1020	28	གཟུགས་མེད་པ་ནས་ཤི་འཕོས་ནས་འདིར་སྐྱེས་པ་ན་ཕ་རོལ་པའི་རྒྱུད་ལ་བ
1021	20	རྫུ་འཕྲུལ་ལ་སོགས་པའི་སྦྱོར་བ་ནི་ཡང་བ་དང་། སྒྲ་དང་། སྣང་བ་ཡིད
1022	14	མངོན་པར་ཤེས་པ་ལྔ་པོ་འདི་དག་ནི། རང་དང་འོག་སའི་ཡུལ་ཅན་ཡིན། །
1023	129	རྫུ་འཕྲུལ་གྱི་མངོན་པར་ཤེས་པ་གང་ཡིན་པ་དེས་ས་དེའམ་འོག་མར་འགྲོ་
1024	18	འདི་དག་ཇི་ལྟར་འཐོབ་ཅེ་ན། མ་འདྲེས་པ་རྣམས་ཀྱི་སྦྱོར་བས། །ཐོབ་བ
1025	33	མངོན་པར་ཤེས་པ་ཚེ་རབས་གཞན་ན་གོམས་པ་རྣམས་ནི་འདོད་ཆགས་དང་བྲལ་བས
1026	6	གསུམ་པ་དྲན་པ་ཉེར་གཞག་གསུམ། །
1027	37	སེམས་ཀྱི་རྣམ་གྲངས་མངོན་པར་ཤེས་པ་ནི་སེམས་དང་སེམས་ལས་བྱུང་བ་ལ་
1028	91	དང་པོ་རྫུ་འཕྲུལ་རྣ་བ་མིག །མངོན་པར་ཤེས་པ་ཞེས་བྱ་བར་སྦྱར་ཏེ། ར
1029	71	འདི་ཇི་ལྟར་ན། འཆི་འཕོ་དང་སྐྱེ་བ་ཤེས་པས་འདི་ལྟར་སེམས་ཅན་འདི་ད
1030	26	ལྷག་མ་ནི་དམིགས་ཀྱིས་མ་ཕྱེ་བའི་ཕྱིར་དྲན་པ་ཉེ་བར་གཞག་པ་བཞི་ཆར་
1031	47	མིག་དང་རྣ་བའི་མངོན་ཤེས་ནི། །ལུང་དུ་མ་བསྟན་ལྷག་རྣམས་དགེ །ལྷའི
1032	45	འོ་ན་དེ་དག་ཇི་ལྟར་བསམ་གཏན་བཞིའི་ས་པར་གྲུབ་ཅེ་ན། རྟེན་གྱི་དབང
1033	7	གཞན་བཞི་ནི་དགེ་བ་དག་ཡིན་ནོ། །
1034	37	འོ་ན་རབ་ཏུ་བྱེད་པ་ལས་མངོན་པར་ཤེས་པ་གང་ཞེ་ན། ཤེས་པ་དགེ་བ་ཡིན་
1035	9	མངོན་པར་ཤེས་པ་འདི་རྣམས་ལས། །གསུམ་ནི་རིག་པ
1036	31	། སྔོན་གྱི་གནས་དང་། འཆི་འཕོ་བ་དང་སྐྱེ་བ་དང་། ཟག་པ་ཟད་པ་ཤེས་པ
1037	46	ཅིའི་ཕྱིར་དེ་དག་ཁོ་ན་ཡིན་གྱི་གཞན་དག་མ་ཡིན་ཞེ་ན། སྔོན་མཐའ་སོག
1038	26	དེ་དག་ལས་ཀྱང་དོན་དམ་པར་མི་སློབ་ཐ་མ། ཟག་པ་ཟད་པ་མངོན་དུ་བྱ་བ་ཁ
1039	8	གཉིས་ནི་དེའི། རྒྱུད་ལས་སྐྱེས་ཕྱིར་དེ་ཞེས་བྱ། །
1040	31	གཞན་གཉིས་ནི་མི་སློབ་པའི་རྒྱུད་ལས་སྐྱེས་པའི་ཕྱིར་མི་སློབ་པ་ཞེ
1041	40	མངོན་པར་ཤེས་པ་འདི་དག་སློབ་པའི་ཡིན་པར་མི་འདོད་དམ་ཞེ་ན་གང་གི་ཕ
1042	26	རྒྱུད་མ་རིག་པ་དང་བཅས་བཞིན་དུ་རིག་པ་རྣམ་པར་གཞག་ཏུ་ནི་མི་རུང་ས
1043	19	མངོན་པར་ཤེས་པ་འདི་དག་ལས། །དང་པོ་གསུམ་པ་དྲུག་པ་ནི། །ཆོ་འཕྲུལ་
1044	80	སེམས་ཀྱི་རྣམ་གྲངས་དང་། ཟག་པ་ཟད་པའི་མངོན་པར་ཤེས་པ་རྣམས་ནི་གོ་
1045	27	འདི་དག་གི་ནང་ན། བསྟན་པ་མཆོག ། རྗེས་སུ་བསྟན་པའི་ཆོ་འཕྲུལ་ནི། 
1046	120	རྫུ་འཕྲུལ་དང་ཀུན་བརྗོད་པ་དག་ནི་རིག་སྔགས་ཀྱིས་ཀྱང་། བྱེད་དེ། 
1047	30	རྫུ་འཕྲུལ་ཞེས་བྱ་བ་འདི་ཅི་ཡིན་ཞེ་ན། བྱེ་བྲག་ཏུ་སྨྲ་བ་རྣམས་ཀྱ
1048	37	དེས་ཅི་ཞིག་ཡང་དག་པར་འབྱོར་པར་འགྱུར་ཞེ་ན། དེ་ལས་ནི། སྤྲུལ་དང་
1049	85	སྟོན་པ་ལ། ཡིད་མགྱོགས་འགྲོ་བ་དང་། ཡིད་བཞིན་དུ་མགྱོགས་པས་ནི་ཡི
1050	9	གཞན་དག་ལ། ཕྱིན་བྱེད་མོས་པ་ལས་བྱུང་ཡང་། །
1051	48	ཉན་ཐོས་དང་རང་སངས་རྒྱས་རྣམས་ལ་ནི་ལུས་ཕྱིན་བྱེད་ཀྱི་འགྲོ་བ་ཡང་
1052	128	སྤྲུལ་པ་ནི་རྣམ་པ་གཉིས་ཏེ། འདོད་པ་ན་སྤྱོད་པ་དང་། གཟུགས་ན་སྤྱོ
1053	35	གཟུགས་ཀྱི་ཁམས་སུ་སྐྱེས་པ་འདོད་པ་ན་སྤྱོད་པ་སྤྲུལ་པ་ན་ཇི་ལྟར་ན
1054	13	གཞན་དག་ན་རེ་སྐྱེ་མཆེད་གཉིས་སྤྲུལ་པར་བྱེད་དོ་ཞེས་ཟེར་རོ། །
1055	38	ཡང་ཅི་མངོན་པར་ཤེས་པ་ཁོ་ནས་སྤྲུལ་པ་སྤྲུལ་པར་བྱེད་དམ་ཞེ་ན། སྨྲ
1056	118	སྤྲུལ་པའི་སེམས་བཅུ་བཞི་པོ་དེ་དག་ནི། བསམ་གཏན་འབྲས་གཉིས་ནས་ལྔའ
1057	49	འདོད་པ་ན་སྤྱོད་པའི་སྤྲུལ་པ་བསམ་གཏན་གཉིས་པ་ལ་སོགས་པའི་འབྲས་བུ
1058	97	ཡང་ཅི་སྤྲུལ་པའི་སེམས་ཁོ་ན་ལས་ལྡང་བར་འགྱུར་རམ་ཞེ་ན། དེ་ལྟ་བུ་
1059	26	སྤྲུལ་པ་ཐམས་ཅད་ཀྱང་། རང་གི་ས་པས་སྤྲུལ་པར་བྱེད། ས་གཞན་པའི་སྤྲ
1060	74	སྨྲར་འཇུག་པ་ནི་འོག་མས་ཀྱང་། ཀྱང་ཞེས་བྱ་བའི་སྒྲ་ནི་རང་གི་ས་པས
1061	75	སྤྲུལ་པ་མང་པོ་རྣམས་སྨྲ་བ་ནི་སྟོན་མིན་སྤྲུལ་པ་དང་བཅས། སངས་རྒྱ
1062	12	སངས་རྒྱས་ཀྱི་སྤྲུལ་པ་ནི་སྔ་ཕྱི་ཇི་ལྟར་བཞེད་པར་སྨྲའོ། །
1063	58	གང་གི་ཚེ་སྨྲར་འཇུག་པའི་སེམས་ཡོད་པ་དེའི་ཚེ་སྤྲུལ་པའི་སེམས་མེད
1064	99	ཅི་གསོན་པོ་ཁོ་ན་ལ་བྱིན་གྱི་རླབས་ཡོད་དམ། འོན་ཏེ་ཤི་བ་ལ་ཡོད་ཅེ
1065	25	ཅི་སེམས་གཅིག་གིས་སྤྲུལ་པ་གཅིག་ཁོ་ན་སྤྲུལ་པར་བྱེད་དམ་ཞེ་ན། དང
1066	38	དང་པོ་ཉིད་དུ་ནི་སྤྲུལ་པའི་སེམས་དུ་མས་སྤྲུལ་པ་གཅིག་སྤྲུལ་པར་བ
1067	37	ཡང་སྤྲུལ་པའི་སེམས་ཐམས་ཅད་ལུང་དུ་མ་བསྟན་པ་ཡིན་ནམ་ཞེ་ན། བསྒོམས
1068	6	སྐྱེ་བ་ལས་སྐྱེས་རྣམ་གསུམ་མོ། །
1069	76	ལྷ་དང་། ཀླུ་དང་། ཤ་ཟ་ལ་སོགས་པའི་སྐྱེ་བས་ཐོབ་པའི་སྤྲུལ་པའི་སེ
1070	91	ཅི་བསྒོམས་པ་ལས་བྱུང་བ་དང་། སྐྱེ་བས་ཐོབ་པའི་རྫུ་འཕྲུལ་རྣམ་པ་འ
1071	129	ལྷའི་རྣ་བ་དང་མིག་ཏུ་བཤད་པ་གང་ཡིན་པ་དེ་དག་ཅི་ལྷའི་ཁོ་ན་ཡིན་ནམ
1072	15	དེ་གཉིས་ཀྱང་རྟག་ཏུ་བརྟེན་བཅས་མ་ཚང་མེད། ཐག་རིང་ཕྲ་སོགས་སྤྱོད་
1073	64	ལྷའི་མིག་དང་རྣ་བ་ནི་རྟག་ཏུ་རྣམ་པར་ཤེས་པ་དང་བཅས་པ་ཡིན་པའི་ཕྱི
1074	27	འདིར་སྨྲས་པ། གང་ཕྱིར་ཤ་ཡི་མིག་གིས་གཟུགས། །ཐག་རིང་གནས་དང་བསྒྲ
1075	49	ལྷའི་མིག་གིས་ཐག་ཇི་སྲིད་ཅིག་མཐོང་ཞེ་ན། གང་གི་མིག་ཇི་ལྟ་བུ་ཡི
1076	18	མངོན་པར་འདུ་བྱེད་པས་ནི། དགྲ་བཅོམ་བསེ་རུ་སྟོན་རྣམས་ཀྱིས། །སྟོ
1077	54	ཉན་ཐོས་ཆེན་པོས་ཀྱང་མངོན་པར་འདུ་བྱེད་པ་ཐམས་ཅད་ཀྱིས་ལྷའི་མིག་ག
1078	88	ཅི་རྫུ་འཕྲུལ་ཁོ་ན་སྐྱེ་བས་འཐོབ་པ་ཡིན་ནམ། འོན་ཏེ་གཞན་ཡང་ཡིན་ཞ
1079	106	སེམས་ཤེས་དེ་ནི་རྣམ་པ་གསུམ། སྐྱེ་བས་འཐོབ་པ་ཞེས་བྱ་བར་སྦྱར་ཏེ།
1080	52	ཕ་རོལ་གྱི་སེམས་ཤེས་པ་དང་། སྔོན་གྱི་གནས་རྗེས་སུ་དྲན་པ་སྐྱེ་བས
1081	6	མི་ལ་སྐྱེ་བས་ཐོབ་པ་མེད། །
1082	19	མི་རྣམས་ལ་ནི་རྫུ་འཕྲུལ་ལ་སོགས་པ་ཇི་སྐད་བཤད་པ་དེ་སྐྱེ་བས་ཐོབ་
1083	53	འོ་ན་རང་བཞིན་གྱིས་ཚེ་རབས་དྲན་པ་གང་ཡིན་པ་ཇི་ལྟ་བུ་ཞེ་ན། དེ་དག
1084	21	ཆོས་མངོན་པ་མཛོད་ཀྱི་རྣམ་པར་བཤད་པ་ལས་ཡེ་ཤེས་བསྟན་པ་ཞེས་བྱ་བ་མ
1085	15	ཤེས་པའི་སྐབས་ཀྱིས་ཤེས་པའི་རང་བཞིན་གྱི་ཡོན་ཏན་རྣམས་ནི་བཤད་ཟིན
1086	9	གནས་བརྒྱད་པ། སྙོམས་པར་འཇུག་པ་བསྟན་པའི་བཤད་པ། 
1087	68	རང་བཞིན་གཞན་རྣམས་བརྗོད་པར་བྱ་སྟེ། དེ་ལྟ་བས་ན་ཡོན་ཏན་ཐམས་ཅད་ཀ
1088	48	དེ་ལ་བསམ་གཏན་དུ་སྐྱེ་བ་རྣམས་ནི་ཡང་མི་བརྗོད་དེ། འཇིག་རྟེན་བསྟ
1089	41	སྙོམས་པར་འཇུག་པའི་བསམ་གཏན་བརྗོད་པར་བྱ་སྟེ། དེའི་ཕྱིར་སྨྲས་པ།
1090	6	རྗེས་འབྲང་བཅས་ན་ཕུང་པོ་ལྔ། །
1091	14	འཁོར་དང་བཅས་ན་ནི་ཕུང་པོ་ལྔའི་རང་བཞིན་ཡིན་པར་རིག་པར་བྱའོ། །
1092	14	རྩེ་གཅིག་པ་ཞེས་བྱ་བ་འདི་ཅི་ཞེ་ན། དམིགས་པ་གཅིག་པ་ཉིད་དོ། །
1093	166	དེ་ལྟ་ན་ནི་འོ་ན་སེམས་དམིགས་པ་གཅིག་པ་དག་ཁོ་ན་ཏིང་ངེ་འཛིན་ཡིན་
1094	43	གཞན་དག་ན་རེ་སེམས་རྩེ་གཅིག་པ་དག་ཁོ་ན་ཏིང་ངེ་འཛིན་ཡིན་ཏེ། འདི་
1095	66	བསམ་གཏན་ཞེས་བྱ་བའི་དོན་ཅི་ཞེ་ན། འདིས་སེམས་པར་བྱེད་པས་ན་བསམ་ག
1096	97	དེ་ལྟ་ན་ནི་འོ་ན་ཏིང་ངེ་འཛིན་ཐམས་ཅད་བསམ་གཏན་དུ་ཐལ་བར་འགྱུར་རོ
1097	57	ཉོན་མོངས་པ་ཅན་ཇི་ལྟར་བསམ་གཏན་ཡིན་ཞེ་ན། ལོག་པར་ངེས་པ་སེམས་པའི
1098	31	ཡང་དགེ་བ་རྩེ་གཅིག་པ་བསམ་གཏན་དང་པོ་ནི་ཇི་ལྟ་བུ། བཞི་པའི་བར་ནི
1099	60	དགེ་བ་རྩེ་གཅིག་པ་བསམ་གཏན་དང་པོ་ནི་དཔྱོད་པ་དང་དགའ་བ་དང་བདེ་བ་
1100	11	བསམ་གཏན་ལྷག་མ་གསུམ་ནི། ཡན་ལག་ལྔ་ལྔ་སྤངས་པ་ཡིན། །
1101	56	དགེ་བ་རྩེ་གཅིག་པ་ཞེས་བྱ་བར་སྦྱར་ཏེ། བསམ་གཏན་གཉིས་པ་ནི་དཔྱོད་
1102	77	བསམ་གཏན་རྣམས་ཇི་ལྟ་བ་དེ་བཞིན་དུ་གཟུགས་མེད། རྣམ་པ་གང་གིས་ཤེ་ན
1103	15	འཁོར་དང་བཅས་ན་ནི། ཕུང་པོ་བཞི་རྗེས་སུ་འབྲང་བའི་གཟུགས་མེད་པའི་
1104	6	འོག་མའི་ས་དབེན་ལས་སྐྱེས་པ། །
1105	75	བསམ་གཏན་བཞི་པ་ལས་དབེན་པ་ལས་སྐྱེས་པ་ནི་ནམ་མཁའ་མཐའ་ཡས་སྐྱེ་མཆེ
1106	27	དབེན་པ་ཞེས་བྱ་བ་འདི་ཅི་ཞེ་ན། ལམ་གང་གིས་ནི་འོག་མ་ལས་རྣམ་པར་འབ
1107	18	གཟུགས་མེད་པ་དེ་དག་ཀྱང་། ཉེར་བསྡོགས་གསུམ་དང་བཅས་པར་ནི། །གཟུགས
1108	47	ནམ་མཁའ་མཐའ་ཡས་སྐྱེ་མཆེད་ཀྱི་ཉེར་བསྡོགས་ནི་བསམ་གཏན་བཞི་པ་ལ་དམ
1109	27	ཕུང་པོ་བཞི་ཞེས་གང་བཤད་པ་རེ་ཞིག་གཟུགས་མེད་པ་དག་ན་གཟུགས་མེད་དོ
1110	106	གལ་ཏེ་ཡོད་ན་ཇི་ལྟར་ན་གཟུགས་མེད་པ་རྣམས་བརྗོད་པར་འགྱུར། གཟུགས་
1111	52	འོན་ཏེ་ལུས་ཀྱང་ཡོད་ལ་དབང་པོ་གཟུགས་ཅན་རྣམས་ཀྱང་ཡོད་དོ་ཞེ་ན་ནི
1112	24	གལ་ཏེ་དང་བའི་ཕྱིར་རོ་ཞེ་ན་ནི། སྲིད་པ་བར་མ་དག་དང་། གཟུགས་ན་སྤ
1113	39	གལ་ཏེ་གང་ལས་ཆེས་དང་བ་མེད་པ་ཡིན་ནོ་ཞེ་ན་ནི། སྲིད་པའི་རྩེ་མོ་ཁ
1114	139	བསམ་གཏན་དུ་སྐྱེ་བའི་གཟུགས་ཀྱང་ས་འོག་མའི་དབང་པོས་མི་ཟིན་པའི་ཕ
1115	164	རེ་ཞིག་ཚེ་དང་དྲོད་གཉིས་འདྲེས་པ་ཉིད་དུ་གང་གསུངས་པ་འདི་ཅི་འདོད
1116	52	གལ་ཏེ་བྱེ་བྲག་མེད་པར་གསུངས་པའི་ཕྱིར་དཔྱད་པར་མི་བྱའོ་ཞེ་ན་ནི་
1117	150	རྣམ་པར་ཤེས་པ་གནས་བཞིན་དུ་ཟས་བཞི་གསུངས་པའི་ཕྱིར་གཟུགས་དང་གཟུག
1118	42	གཟུགས་ཤིག་ཡོད་ན་ནི་རང་གི་གཟུགས་གདོན་མི་ཟ་བར་འདུ་ཤེས་པར་བྱེད་
1119	124	བསམ་གཏན་རྣམས་ཀྱང་ས་འོག་མ་པ་ལས་ངེས་པར་འབྱུང་བ་ཡིན་པའི་ཕྱིར་གཟ
1120	95	བཅོམ་ལྡན་འདས་ཀྱིས་ཀྱང་བསམ་གཏན་དག་ལ་ནི་གང་དེ་ན་གཟུགས་ཀྱི་རྣམ་
1121	57	དེ་ནི་ཇི་ལྟར་ན་དེ་ནས་ཤི་འཕོས་པ་རྣམས་ཀྱི་གཟུགས་བསྐལ་པ་མི་ཉུང་
1122	59	ཇི་ལྟར་ན་སེམས་གཟུགས་ལ་མ་བརྟེན་པར་གནས་ཤེ་ན། ཅིའི་ཕྱིར་གནས་པར་
1123	3	འདི་ནི་རྫོགས་སོ།།།།
1124	46	འདི་བརྗོད་པར་བྱ་སྟེ། ཅི་ནམ་མཁའ་མཐའ་ཡས་སྐྱེ་མཆེད་ལ་སོགས་པ་དེ་
1125	12	རྣམ་ཤེས་མཐའ་ཡས་མཁའ་མཐའ་ཡས། །ཅི་ཡང་མེད་ཅེས་བྱ་དེ་ལྟར། །
1126	42	སྦྱོར་ཕྱིར་གྲངས་བཞིན་དུ་ནམ་མཁའ་མཐའ་ཡས་སོ། །རྣམ་པར་ཤེས་པ་མཐའ་
1127	11	དམན་ཕྱིར་འདུ་ཤེས་མེད། འདུ་ཤེས་མེད་པ་ཡང་མ་ཡིན་པའོ། །
1128	35	འདུ་ཤེས་ཆུང་བའི་ཕྱིར་འདུ་ཤེས་མེད་འདུ་ཤེས་མེད་མིན་ཞེས་བཤད་དེ།
1129	40	གལ་ཏེ་དེ་ལ་ཡང་འདི་ལྟར་འདུ་ཤེས་ནི་ནད་དོ། །འདུ་ཤེས་ནི་འབྲས་སོ།
1130	50	འདི་ནི་གྱ་ནོམ་པའོ་ཞེས་བྱ་བར་སྦྱོར་བ་ཡོད་མོད་ཀྱི་ཅིའི་ཕྱིར་དེ
1131	32	དེ་ལྟར་སྙོམས་འཇུག་དངོས་གཞིའི་རྫས། །རྣམ་པ་བརྒྱད། དེ་ལྟར་ན་འདི
1132	6	དེ་དག་ལས་བདུན་རྣམ་པ་གསུམ། །
1133	41	སྲིད་པའི་རྩེ་མོ་ལས་གཞན་པ་བདུན་ནི་རྣམ་པ་གསུམ་ཡིན་ཏེ། རོ་མྱང་ལ
1134	29	བརྒྱད་པ་རྣམ་པ་གཉིས། སྲིད་པའི་རྩེ་མོ་ནི་རོ་མྱང་བ་དང་མཚུངས་པར་
1135	7	དེ་ལ། རོ་མྱང་མཚུངས་ལྡན་སྲེད་བཅས་སོ། །
1136	7	རོ་མྱང་བ་ནི་སྲེད་པ་ཡིན་ནོ། །
1137	35	འཇིག་རྟེན་པ་ཡི་དགེ་བ་ནི། །དག་པ། འཇིག་རྟེན་པའི་དགེ་བ་སྙོམས་པར
1138	66	རོ་མྱང་བ་དང་མཚུངས་པར་ལྡན་པ་དེས་ཅི་ཞིག་རོ་མྱོང་བར་བྱེད་ཅེ་ན། 
1139	5	ཟག་མེད་འཇིག་རྟེན་འདས་པའོ། །
1140	48	འཇིག་རྟེན་ལས་འདས་པའི་སྙོམས་པར་འཇུག་པའི་རྫས་གང་ཡིན་པ་དེ་ནི་ཟག
1141	48	དེ་ལ་དང་པོ་ལ་ལྔ། བསམ་གཏན་པོ་ལ་ཡན་ལག་ལྔ་སྟེ། རྟོག་དཔྱོད་དང་། 
1142	24	ཏིང་ངེ་འཛིན་ནི་ཡན་ལག་ཀྱང་ཡིན་ལ་བསམ་གཏན་ཡང་ཡིན་ནོ། །ལྷག་མ་རྣམ
1143	16	ཡན་ལག་བཞི་པའི་དམག་ཇི་ལྟ་བར་ཡན་ལག་ལྔའི་བསམ་གཏན་ཡང་དེ་དང་འདྲའོ
1144	12	གཉིས་པ་ལ་ནི་ཡན་ལག་བཞི། རབ་དང་དད་ནི་དགའ་ལ་སོགས། །
1145	25	བསམ་གཏན་གཉིས་པ་ལ་ཡན་ལག་བཞི་སྟེ། ནང་རབ་ཏུ་དང་བ་དང་། དགའ་བ་དང་
1146	13	གསུམ་པ་ལ་ལྔ་བཏང་སྙོམས་དང་། །དྲན་དང་ཤེས་རབ་བདེ་དང་གནས། །
1147	57	བསམ་གཏན་གསུམ་པ་ལ་ཡང་ཡན་ལག་ལྔ་སྟེ། བཏང་སྙོམས་དང་། དྲན་པ་དང་། 
1148	19	མཐའ་ན་བཞི་དྲན་བཏང་སྙོམས་དང་། །བདེ་མིན་སྡུག་མིན་ཏིང་འཛིན་རྣམས
1149	84	དེ་ལ་ཡན་ལག་བཞི་སྟེ། བདེ་བ་ཡང་མ་ཡིན་སྡུག་བསྔལ་ཡང་མ་ཡིན་པའི་ཚོ
1150	57	རྫས་སུ་བཅུ་གཅིག །རྫས་སུ་ནི་དེ་དག་བཅུ་གཅིག་ཡིན་ཏེ། བསམ་གཏན་དང
1151	87	དེ་ཉིད་ཀྱི་ཕྱིར་སྨྲས་པ། ཡན་ལག་གང་དག་བསམ་གཏན་དང་པོ་ན་ཡོད་པ་དེ
1152	174	ཅིའི་ཕྱིར་བསམ་གཏན་གསུམ་པ་ན་ཡོད་པའི་བདེ་བ་རྫས་གཞན་དུ་བརྗོད་ཅེ
1153	133	གཞན་དག་ན་རེ་སེམས་ལས་བྱུང་བའི་བདེ་བའི་དབང་པོ་ནི་ཁོ་ན་སྟེ། བསམ
1154	159	གལ་ཏེ་ཡིད་ཀྱི་ལུས་ཀྱིས་སོ་ཞེ་ན་ནི། དེ་སྐད་བཤད་པ་ལ་ཡོན་ཏན་ཅི་
1155	46	གལ་ཏེ་སྙོམས་པར་ཞུགས་པ་ལ་ཇི་ལྟར་ལུས་ཀྱི་རྣམ་པར་ཤེས་པ་འབྱུང་ཞེ
1156	47	གལ་ཏེ་ཕྱི་རོལ་དུ་རྣམ་པར་གཡེངས་པའི་ཕྱིར་ཏིང་ངེ་འཛིན་ལས་ཉམས་པར
1157	22	གལ་ཏེ་ལུས་ཀྱི་རྣམ་པར་ཤེས་པ་སྐྱེས་པའི་ཚེ་ལངས་པར་འགྱུར་རོ་ཞེ་ན
1158	38	གལ་ཏེ་འདོད་པ་ན་སྤྱོད་པའི་ལུས་ཀྱི་དབང་པོས་གཟུགས་ན་སྤྱོད་པའི་ར
1159	128	གལ་ཏེ་ཡན་ལག་ཅུང་ཟད་ཅིག་ནི་ཟག་པ་དང་བཅས་པ་ཅུང་ཟད་ཅིག་ནི་ཟག་པ་མ
1160	103	གལ་ཏེ་ཟག་པ་མེད་པ་ལ་ཡན་ལག་ཅུང་ཟད་ཅིག་ནི་ཟག་པ་དང་བཅས་པ་ཅུང་ཟད་
1161	82	དེ་ལྟ་བས་ན་བསམ་གཏན་དང་པོ་ལ་ཡོད་པའི་ཡན་ལག་ལྔ་པོ་གང་དག་ཡིན་པ་ད
1162	71	ཡང་ན་ཅིའི་ཕྱིར་ལྔ་ཁོ་ན་ཡན་ལག་ཉིད་ཡིན། གལ་ཏེ་ཕན་པའི་ཕྱིར་རོ་ཞ
1163	81	ནང་རབ་ཏུ་དང་བ་ཞེས་བྱ་བའི་ཆོས་འདི་ཅི་ཞེ་ན། རྟོག་པ་དང་དཔྱོད་པའ
1164	6	རབ་ཏུ་དང་བ་དད་པ་ཡིན། །
1165	33	དེ་ནི་བསམ་གཏན་གཉིས་པ་ཐོབ་པའི་ཕྱིར་མཉམ་པར་གཞག་པའི་ས་ལས་ངེས་པར
1166	71	གཞན་དག་ན་རེ་རྟོག་པ་དང་དཔྱོད་པ་དང་། ཏིང་ངེ་འཛིན་རྣམས་ཀྱང་རྫས་
1167	86	དགའ་བ་ནི་ཡིད་བདེ་བ་ཡིན་ནོ་ཞེས་གང་བཤད་པ་འདི་ཇི་ལྟར་ཁོང་དུ་ཆུད
1168	6	ལུས་རྣམས་གཉིས་ཕྱིར་དགའ་ཡིད་བདེ། །
1169	112	བཅོམ་ལྡན་འདས་ཀྱིས་རྣམ་པར་སྒྱུར་བའི་མདོ་ལས་བསམ་གཏན་གསུམ་པ་བཀའ
1170	52	ཅི་ཉོན་མོངས་པ་ཅན་གྱི་བསམ་གཏན་དག་ལ་ཡང་ཇི་སྐད་དུ་བཤད་པ་ལྟར་ཡན་
1171	98	བསམ་གཏན་དང་པོ་ལ་ནི་བདེ་བ་ལས་སྐྱེས་པའི་དགའ་བ་དང་བདེ་བ་མེད་དེ།
1172	6	ཁ་ཅིག་ཤིན་ཏུ་སྦྱངས་བཏང་སྙོམས། །
1173	48	ཁ་ཅིག་ན་རེ་ཉོན་མོངས་པ་ཅན་དང་པོ་དང་གཉིས་པ་དག་ན་ནི་ཤིན་ཏུ་སྦྱང
1174	24	བཅོམ་ལྡན་འདས་ཀྱིས་བསམ་གཏན་གསུམ་ནི་སྐྱོན་དང་བཅས་པའི་ཕྱིར་གཡོ་
1175	12	སྐྱོན་བརྒྱད་ལས་ནི་གྲོལ་བའི་ཕྱིར། བཞི་པ་གཡོ་བ་མེད་པ་ཡིན། །
1176	6	སྐྱོན་དེ་དག་ཀྱང་གང་ཞེ་ན། །
1177	13	རྟོག་དང་དཔྱོད་དང་དབུགས་དག་དང་། །བདེ་བ་ལ་སོགས་བཞི་ཡིན་ནོ། །
1178	96	རྟོག་པ་དང་། དཔྱོད་པ་དང་། བདེ་བ་དང་། སྡུག་བསྔལ་བ་དང་། ཡིད་བདེ
1179	70	བསམ་གཏན་གཉིས་པ་ན་ནི་དགའ་བ་ཞེས་སྨོས་པའི་ཕྱིར་ཡིད་བདེ་བ་ཡོད་པར
1180	26	སྐྱེ་བའི་བསམ་གཏན་དག་ན་ནི། །ཡིད་བདེ་བ་དང་བཏང་སྙོམས་དང་། །བཏང་
1181	154	སྐྱེ་བའི་བསམ་གཏན་དང་པོ་ན་ནི། ཚོར་བ་གསུམ་ཡོད་དེ། རྣམ་པར་ཤེས་པ
1182	111	གལ་ཏེ་བསམ་གཏན་གསུམ་པ་ལ་སོགས་པ་དག་ན་རྣམ་པར་ཤེས་པའི་ཚོགས་གསུམ་
1183	67	བསམ་གཏན་གཉིས་པ་ལ་སོགས་པ་དག་ན་ནི་སྤྲུལ་པའི་སེམས་བཞིན་དུ་གང་གི
1184	6	དེ་ལུང་མ་བསྟན་ཉོན་མོངས་མིན། །
1185	52	དེ་དག་མངོན་སུམ་དུ་བྱེད་པ་བསམ་གཏན་དང་པོའི་ས་པའི་རྣམ་པར་ཤེས་པ་
1186	6	བསམ་གཏན་གྱི་བྱ་བ་རྫོགས་སོ།།།།
1187	18	ཡང་དག་པ་ས་ལ་སོགས་པའི་བསམ་གཏན་དང་གཟུགས་མེད་པ་རྣམས་ཇི་ལྟར་འཐོབ
1188	12	དེ་དང་མི་ལྡན་འདོད་ཆགས་བྲལ། །སྐྱེ་བ་ལས་ནི་དག་པ་འཐོབ། །
1189	87	དེ་དང་མི་ལྡན་པ་ནི་བསམ་གཏན་ནམ་གཟུགས་མེད་པ་དག་ས་འོག་མ་ལས་འདོད་
1190	139	དེ་ཉིད་ཀྱི་ཕྱིར་བསམ་གཏན་དག་པ་པ་འདོད་ཆགས་དང་བྲལ་བས་འཐོབ་པར་འག
1191	12	ཟག་མེད་འདོད་ཆགས་བྲལ་བ་ཡིས། །དེ་དང་མི་ལྡན་པ་ལས་འཐོབ། །
1192	75	ཅེས་བྱ་བར་སྦྱོར་རོ། །དེ་དང་ལྡན་པ་ནི་ཟད་པ་ཤེས་པ་ལས་ཀྱང་མི་སློ
1193	12	ཉོན་མོངས་ཅན་ཉམས་སྐྱེ་བ་ཡིས། །དེ་དང་མི་ལྡན་པ་ལས་འཐོབ། །
1194	41	ཅེས་བྱ་བ་ཁོ་ནར་སྦྱར་ཏེ། གལ་ཏེ་དེ་ལས་འདོད་ཆགས་དང་བྲལ་བ་ལས་ཡོང
1195	201	སྙོམས་པར་འཇུག་པའི་རྫས་གང་གི་མཇུག་ཐོགས་སུ་དུ་ཞིག་སྐྱེ་ཞེ་ན། ཟ
1196	150	འདི་ནི་མདོར་བསྡུ་བ་ཡིན་ཏེ། ཟག་པ་མེད་པའི་མཇུག་ཐོགས་སུ། ལྟག་འོ
1197	7	རང་གི་ས་པའི་ཉོན་མོངས་ཀྱང་། །
1198	45	དག་པ་པའི་མཇུག་ཐོགས་སུ་ལྷག་པར་རང་གི་ས་པའི་ཉོན་མོངས་པ་ཅན་སྐྱེའ
1199	7	ཉོན་མོངས་ཅན་ལས་རང་དག་དང་། །
1200	28	ཉོན་མོངས་པ་ཅན་གྱི་སྙོམས་པར་འཇུག་པའི་རྫས་ཀྱི་མཇུག་ཐོགས་སུ་ནི་
1201	5	འོག་མའི་དག་ཅིག་ཀྱང་། 
1202	180	ཉོན་མོངས་པས་གཟིར་བ་ནི་འོག་མའི་སྙོམས་པར་འཇུག་པའི་དག་པ་པ་ལ་ཡང་
1203	6	འཆི་འཕོ་དག་ལས་ཉོན་མོངས་ཀུན། །
1204	22	འཆི་འཕོ་བའི་ཚེ་སྐྱེ་བས་ཐོབ་པའི་དག་པ་པའི་མཇུག་ཐོགས་སུ་ས་ཐམས་ཅ
1205	6	ཉོན་མོངས་ཅན་ལས་གོང་མ་མིན། །
1206	59	འཆི་འཕོ་བའི་ཚེ་ཉོན་མོངས་པ་ཅན་གྱི་བསམ་གཏན་དང་གཟུགས་མེད་པའི་མཇ
1207	6	འོ་ན་ཇི་ལྟ་བུ་ཞེ་ན། 
1208	6	དག་པ་ཉམས་པའི་ཆ་མཐུན་སོགས། །
1209	57	རྣམ་བཞི། དག་པ་པ་ནི་ཉམས་པའི་ཆ་དང་མཐུན་པ་དང་། གནས་པའི་ཆ་དང་མཐུ
1210	10	འདིའི་མཚན་ཉིད་ཅི་ཞེ་ན། དེ་ནི་གོ་རིམས་བཞིན་དུ། 
1211	13	ཉོན་མོངས་སྐྱེ་དང་རང་ས་དང་། །གོང་དང་ཟག་མེད་རྗེས་མཐུན་པའོ། །
1212	72	ཉམས་པའི་ཆ་དང་མཐུན་པ་ནི་ཉོན་མོངས་པ་སྐྱེ་བ་དང་རྗེས་སུ་མཐུན་པའོ
1213	15	ཡང་བཞི་པོ་དེ་དག་ལས་གང་གི་མཇུག་ཐོགས་སུ་དུ་ཞིག་སྐྱེ་ཞེ་ན། 
1214	98	ཉམས་ཆ་མཐུན་སོགས་མཇུག་ཐོགས་སུ། །གཉིས་དང་གསུམ་དང་གསུམ་དང་གཅིག 
1215	11	ཐོད་རྒལ་གྱི་སྙོམས་པར་འཇུག་པ་ཇི་ལྟར་སྐྱེ་ཞེ་ན། 
1216	25	ས་བརྒྱད་རྣམ་གཉིས་འབྲེལ་པ་དང་། །གཅིག་རྒལ་སོང་ཞིང་འོངས་ནས་ནི། 
1217	17	ས་བརྒྱད་ཅེས་བྱ་བ་ནི་བསམ་གཏན་དང་། གཟུགས་མེད་པའི་སྙོམས་པར་འཇུག
1218	15	རྣམ་གཉིས་ཞེས་བྱ་བ་ནི་ཟག་པ་དང་བཅས་པ་དང་ཟག་པ་མེད་པའོ། །
1219	10	འབྲེལ་པ་དང་ཞེས་བྱ་བ་ནི་གོ་རིམས་བཞིན་དུའོ། །
1220	10	གཅིག་རྒལ་ཞེས་བྱ་བ་ནི་རེ་རེ་རྒལ་ནས་སོ། །
1221	14	སོང་ཞིང་ཞེས་བྱ་བ་ནི་ལུགས་དང་མཐུན་པར་སྙོམས་པར་ཞུགས་ནས་སོ། །
1222	15	འོངས་ནས་ཞེས་བྱ་བ་ནི་ལུགས་དང་མི་མཐུན་པར་སྙོམས་པར་ཞུགས་ནས་སོ། 
1223	212	ཟག་པ་དང་བཅས་པའི་ས་བརྒྱད་དང་ཟག་པ་མེད་པའི་ས་བདུན་ལུགས་དང་མཐུན་
1224	104	ཤིན་ཏུ་རིང་བའི་ཕྱིར་བཞི་པ་ལ་ནི་སྙོམས་པར་མི་འཇུག་གོ། །དེ་ཡང་ག
1225	16	རྟེན་གང་གིས་བསམ་གཏན་དང་གཟུགས་མེད་པ་དུ་ཞིག་མངོན་སུམ་དུ་བྱེད་ཅ
1226	51	བསམ་གཏན་གཟུགས་མེད་རང་དང་ནི། །འོག་སའི་རྟེན་ཅན་སྲིད་པའི་རྩེ་མོ
1227	18	ཅིའི་ཕྱིར་གོང་དུ་སྐྱེས་པ་སྙོམས་པར་འཇུག་པ་འོག་མ་མངོན་སུམ་དུ་མ
1228	6	འདི་ལྟར་དེ་ལ་འོག་དགོས་མེད། །
1229	22	དེ་ལ་ནི་སྙོམས་པར་འཇུག་པ་འོག་མའི་རྫས་ཀྱིས་ཅུང་ཟད་ཀྱང་དགོས་པར་
1230	10	སྤྱིར་བསྟན་པ་བྱས་ནས་དམིགས་ཀྱིས་སྟོན་པར་བྱེད་དེ། 
1231	12	སྲིད་རྩེར་འཕགས་པ་ཅི་ཡང་མེད། །མངོན་སུམ་བྱས་ནས་ཟག་པ་ཟད། །
1232	52	འཕགས་པ་སྲིད་པའི་རྩེ་མོར་སྐྱེས་པ་ནི་ཟག་པ་མེད་པའི་ཅི་ཡང་མེད་པའ
1233	16	ཡང་བསམ་གཏན་དང་གཟུགས་མེད་པ་འདི་དག་གི་དམིགས་པ་ཅི་ཞིག་ཡིན་ཞེ་ན།
1234	6	སྲེད་བཅས་རང་གི་སྲིད་ལ་དམིགས། །
1235	77	རོ་མྱང་བ་དང་མཚུངས་པར་ལྡན་པ་རྣམས་ནི་རང་གི་ས་པའི་སྲིད་པ་ལ་དམིག
1236	13	བསམ་གཏན་དགེ་ཡུལ་ཡོད་དགུ་ཡིན། །དགེ་བའི་བསམ་གཏན་དག་པ་དང་། །
1237	25	ཟག་པ་མེད་པའི་བསམ་གཏན་དེའི་དམིགས་པ་ནི་འདུས་བྱས་སམ་འདུས་མ་བྱས་
1238	12	གཟུགས་མེད་དངོས་བཞི་དགེ་རྣམས་ཀྱི། །སྤྱོད་ཡུལ་ཟག་བཅས་འོག་མ་མིན
1239	92	གཟུགས་མེད་པའི་དངོས་གཞི་དགེ་བ་རྣམས་ཀྱི་དམིགས་པ་ནི་ས་འོག་མ་པའི
1240	22	བསམ་གཏན་དང་གཟུགས་མེད་པ་རྣམ་པ་གསུམ་པོ་འདི་དག་ལས། ཟག་པ་མེད་པས་
1241	60	དག་པ་པས་ཀྱང་མི་སྤོང་ན། །ཉོན་མོངས་པ་ཅན་གྱིས་ལྟ་སྨོས་ཀྱང་ཅི་དག
1242	5	ཉེར་བསྡོགས་དག་པས་ཀྱང་། 
1243	26	གཟུགས་དང་གཟུགས་མེད་པའི་ཉེར་བསྡོགས་ནི་དག་པ་པས་ཀྱང་ཉོན་མོངས་པ་
1244	6	ཉེར་བསྡོགས་དུ་ཞིག་ཡོད་ཅེ་ན། །
1245	6	དེ་དག་ལ་ནི་ཉེར་བསྡོགས་བརྒྱད། །
1246	12	རེ་རེ་ལ་གང་གིས་དེ་ལ་འཇུག་པ་རེ་རེ་ཡོད་དོ། །
1247	25	ཅི་དེ་དག་ཀྱང་རྣམ་པ་གསུམ་ཡིན་ལ་དེ་དག་ལ་ཚོར་བ་ཡང་དེ་དང་འདྲ་བར་
1248	6	དག་པ་བདེ་མིན་སྡུག་བསྔལ་མིན། །
1249	65	དེ་དག་ནི་དག་པ་པ་ཡང་ཡིན་ལ་བཏང་སྙོམས་ཀྱི་དབང་པོ་དང་མཚུངས་པར་ལྡ
1250	57	དང་པོ་འཕགས་པའང་། ཉེར་བསྡོགས་ཀྱི་དང་པོ་ནི་མི་ལྕོགས་པ་མེད་པ་སྟ
1251	20	ཁ་ཅིག་གསུམ། ཁ་ཅིག་ནི་མི་ལྕོགས་པ་མེད་པ་རོ་མྱང་བ་དང་མཚུངས་པར་ལ
1252	43	ཉེར་བསྡོགས་ཞེས་ཀྱང་འབྱུང་། བསམ་གཏན་ཁྱད་པར་ཅན་ཞེས་ཀྱང་འབྱུང་ན
1253	57	རྟོག་མེད་བསམ་གཏན་ཁྱད་པར་ཅན། །བསམ་གཏན་དང་པོ་ཁོ་ན་རྟོག་པ་དང་། 
1254	7	བསམ་གཏན་ཁྱད་པར་ཅན་དེ་ནི། །རྣམ་གསུམ། 
1255	18	རོ་མྱང་བ་དང་མཚུངས་པར་ལྡན་པ་དང་དག་པ་པ་དང་ཟག་པ་མེད་པ་ཡིན་ནོ། །
1256	69	དེ་བདེ་མིན་སྡུག་མིན། འདི་ལ་བདེ་བ་ཡང་མེད་པས་ན་བདེ་བ་ཡང་མ་ཡིན་
1257	17	འོ་ན་བསམ་གཏན་ཁྱད་པར་ཅན་དེའི་འབྲས་བུ་ཁྱད་པར་ཅན་གང་ཞིག་ཡིན་ཞེ་
1258	6	དེ་ནི་ཚངས་ཆེན་འབྲས་བུ་ཅན། །
1259	13	བསམ་གཏན་ཁྱད་པར་ཅན་དེ་བསྒོམས་ནས་ཚངས་པ་ཆེན་པོར་འགྱུར་རོ། །
1260	87	ཡང་ཏིང་ངེ་འཛིན་ཐམས་ཅད་མདོར་བསྡུས་ཏེ། མདོ་ལས་རྟོག་པ་དང་བཅས་ཤི
1261	8	དེ་མན་ཆད་རྟོག་དཔྱོད་བཅས་པའི། །ཏིང་ངེ་འཛིན། 
1262	34	བསམ་གཏན་ཁྱད་པར་ཅན་དེ་མན་ཆད་ཀྱི་ཏིང་ངེ་འཛིན་བསམ་གཏན་དང་པོ་དང་
1263	12	ཡན་ཆད་གཉི་ག་མེད་པས་ན། །འདི་ན་གཉི་ག་མེད་པ་སྟེ། །
1264	33	བསམ་གཏན་ཁྱད་པར་ཅན་ཡན་ཆད་ཀྱི་ཏིང་ངེ་འཛིན་བསམ་གཏན་གཉིས་པའི་ཉེར
1265	30	ཡང་སྟོང་པ་ཉིད་ཀྱི་ཏིང་འཛིན་དང་། སྨོན་པ་མེད་པའི་ཏིང་ངེ་འཛིན་ད
1266	81	མཚན་མེད་ཞི་བའི་རྣམ་པ་དང་། །འགོག་པའི་རྣམ་པ་དག་དང་མཚུངས་པར་ལྡན
1267	35	སྟོང་ཉིད་བདག་མེད་སྟོང་ཉིད་དུ། འཇུག་པའོ། །བདག་མེད་པ་དང་སྟོང་པ
1268	4	སྨོན་པ་མེད་པ་ནི། 
1269	112	དེ་ལས་གཞན་བདེན་རྣམ་པ་དང་། །བདེན་པ་ལྷག་མའི་རྣམ་པ་དག་དང་མཚུངས་
1270	66	ཏིང་ངེ་འཛིན་རྣམ་པ་གསུམ་པོ་འདི་དག་ནི་རྣམ་པ་གཉིས་ཏེ། དག་དང་དྲི
1271	7	དེ་དག །དྲི་མེད་རྣམ་ཐར་སྒོ་གསུམ་མོ། །
1272	52	ཏིང་ངེ་འཛིན་གསུམ་པོ་དེ་དག་དྲི་མ་མེད་པ་ནི་ཐར་པའི་སྒོ་ཡིན་པའི་
1273	13	ཡང་། སྟོང་ཉིད་སྟོང་ཉིད་ཅེས་ལ་སོགས། །གཞན་ཡང་ཏིང་ངེ་འཛིན་གསུམ་
1274	40	ཞེས་བྱ་བ་སྟེ། སྟོང་པ་ཉིད་སྟོང་པ་ཉིད་དང་། སྨོན་པ་མེད་པ་སྨོན་པ
1275	14	དེ་དག་ལས། གཉིས་ནི་སྟོང་དང་མི་རྟག་པར། །མི་སློབ་པ་ལ་དམིགས་པ་ཡི
1276	105	ཏིང་ངེ་འཛིན་གཞན་གཉིས་ནི་མི་སློབ་པའི་ཏིང་ངེ་འཛིན་ལ་དམིགས་པ་ཡི
1277	12	མཚན་མ་མེད་པ་མཚན་མེད་ནི། །ཞི་བར་མ་བརྟགས་ཟད་པ་ལ། །
1278	116	མཚན་མ་མེད་པ་མཚན་མ་མེད་པའི་ཏིང་ངེ་འཛིན་ནི་མི་སློབ་པའི་མཚན་མ་མ
1279	90	གང་དུ་སྐྱེད་པར་བྱེད་ཅེ་ན། མིའི་ནང་། མི་རྣམས་ཀྱི་ནང་ཁོ་ནར་སྐྱ
1280	42	ཡང་ཏིང་ངེ་འཛིན་བསྒོམ་པ་བཞི་སྟེ། ཏིང་ངེ་འཛིན་བསྒོམ་པ་ཀུན་ཏུ་བ
1281	12	དགེ་བའི་བསམ་གཏན་དང་པོ་ནི། བདེ་འགྱུར་ཏིང་འཛིན་བསྒོམ་པ་ཡིན། །
1282	80	དགེ་བའི་བསམ་གཏན་དང་པོ་སྟེ། དག་པ་པའམ། ཟག་པ་མེད་པ་ནི། མཐོང་བའི
1283	6	མིག་གི་མངོན་ཤེས་མཐོང་འགྱུར་འདོད། །
1284	20	ལྷའི་མིག་གི་མངོན་པར་ཤེས་པ་ནི་ཤེས་པ་མཐོང་བར་འགྱུར་བའི་ཏིང་ངེ་
1285	6	སྦྱོར་བ་ལས་བྱུང་བློ་དབྱེར་འགྱུར། །
1286	34	སྦྱོར་བ་ལས་བྱུང་བའི་ཡོན་ཏན་ཁམས་གསུམ་པ་དང་། ཟག་པ་མེད་པ་ཐམས་ཅད
1287	12	རྡོ་རྗེ་ལྟ་བུའི་བསམ་གཏན་མཐའི། །གང་ཡིན་དེ་ཟག་ཟད་འགྱུར་བསྒོམ། 
1288	28	བསམ་གཏན་བཞི་པའི་རྡོ་རྗེ་ལྟ་བུའི་ཏིང་ངེ་འཛིན་གང་ཡིན་པ་དེ་ནི་ཟ
1289	39	བཅོམ་ལྡན་འདས་ཀྱིས་ཆོས་སྟོན་པ་འདི་ནི་བདག་ཉིད་ལ་ཉེ་བར་གཏོད་པ་ཡ
1290	19	ད་ནི་ཏིང་ངེ་འཛིན་ལ་བརྟེན་པའི་ཡོན་ཏན་རྣམས་བསྟན་པའི་སྐབས་ཡིན་པ
1291	6	ཚད་མེད་པ་ནི་བཞི་ཡིན་ནོ། །
1292	20	བྱམས་པ་དང་། སྙིང་རྗེ་དང་། དགའ་བ་དང་། བཏང་སྙོམས་ཏེ། སེམས་ཅན་ཚ
1293	7	ཅིའི་ཕྱིར་བཞི་ཁོ་ན་ཡིན་ཞེ་ན། 
1294	6	གནོད་སེམས་ལ་སོགས་གཉེན་པོའི་ཕྱིར། །
1295	34	གནོད་སེམས་དང་རྣམ་པར་འཚེ་བ་དང་། མི་དགའ་བ་དང་། འདོད་པའི་འདོད་ཆ
1296	89	མི་སྡུག་པ་དང་བཏང་སྙོམས་གཉིས་འདོད་པའི་འདོད་ཆགས་ཀྱི་གཉེན་པོ་ཉི
1297	47	དེ་ལ། ཞེ་སྡང་མེད་བྱམས། བྱམས་པ་ནི་ཞེ་སྡང་མེད་པའི་རང་བཞིན་ནོ། 
1298	29	ཇི་ལྟར་ན་གནོད་སེམས་ཀྱི་གཉེན་པོ་ཡིན་ཞེ་ན། དེ་ནི་ཆགས་པས་དྲངས་པ
1299	10	བྱམས་པ་ལ་སོགས་པ་འདི་དག་གི་རྣམ་པ་ནི། 
1300	13	ཀྱེ་མ་བདེར་གྱུར་སྡུག་བསྔལ་དང་། །དགར་གྱུར་སེམས་ཅན་རྣམས་སྙོམས་
1301	88	ཀྱེ་མ་སེམས་ཅན་རྣམས་བདེ་བར་གྱུར་ཅིག་སྙམ་དུ་ཡིད་ལ་བྱེད་ཅིང་བྱམ
1302	90	དེ་དང་མི་ལྡན་པ་རྣམས་ལ་བདེ་བར་མོས་པའི་ཕྱིར་ཇི་ལྟར་ན་ཕྱིན་ཅི་ལ
1303	8	འདི་དག་གི་རྣམ་པ་ནི་བཤད་ཟིན་ཏོ། །
1304	6	སྤྱོད་ཡུལ་འདོད་པའི་སེམས་ཅན་རྣམས། །
1305	51	འདི་དག་གི་དམིགས་པ་ནི་འདོད་པ་ན་སྤྱོད་པའི་སེམས་ཅན་རྣམས་ཡིན་ཏེ།
1306	8	དེ་དག་ས་དུ་པ་ཞིག་ཡིན་ཞེ་ན། 
1307	6	དགའ་བ་བསམ་གཏན་གཉིས་ན་ཡོད། །
1308	18	དགའ་བ་ནི་བསམ་གཏན་དང་པོ་དང་གཉིས་པ་ན་ཡོད་དེ། ཡིད་བདེ་བ་ཡིན་པའི
1309	89	གཞན་ནི་དྲུག་ན། ཚད་མེད་པ་གཞན་གསུམ་ནི་ས་དྲུག་པོ་མི་ལྕོགས་པ་མེད
1310	6	གནོད་སེམས་ལ་སོགས་གཉེན་པོའི་ཕྱིར། །
1311	160	ཞེས་གང་བཤད་པ། ཅི་ཚད་མེད་པ་རྣམས་ཀྱིས་ཀྱང་ཉོན་མོངས་པ་སྤོང་བ་ཡི
1312	340	ཡང་ལས་དང་པོ་པ་བྱམས་པ་ལ་ཇི་ལྟར་སྦྱོར་ཞེ་ན། ཇི་ལྟར་བདག་ཉིད་ཀྱི
1313	26	ཚད་མེད་པ་བཞི་པོ་འདི་དག་ནི་མི་དག་གི་ནང་དུ་སྐྱེད་དོ། །མི་རྣམས་
1314	62	ཅི་ཚད་མེད་པ་གཅིག་དང་ལྡན་པ་གང་ཡིན་པ་དེ་ནི་གདོན་མི་ཟ་བར་ཐམས་ཅད
1315	82	རྣམ་པར་ཐར་པ་བརྒྱད། གཟུགས་ཅན་གཟུགས་རྣམས་ལ་ལྟ་བ་ཞེས་བྱ་བ་ནི་རྣ
1316	150	དེ་རྣམས་ལས། དང་པོ་གཉིས། མི་སྡུག །རྣམ་པར་ཐར་པ་དང་པོ་གཉིས་ནི་ར
1317	123	གཟུགས་མེད་པའི་རྣམ་པར་ཐར་པ་རྣམས་ནི། གཟུགས་མེད་མཉམ་གཞག་དགེ་རྣམ
1318	69	འགོག་པའི་སྙོམས་པར་འཇུག་པའོ། །རྣམ་པར་ཐར་པ་བརྒྱད་པ་འདུ་ཤེས་དང་
1319	34	དེ་ལ་ནི། ཕྲ་བ་ཕྲ་བའི་མཇུག་ཐོགས་སུ། །སྙོམས་པར་འཇུག་སྟེ། སྲིད་
1320	73	སྙོམས་པར་ཞུགས་པ་རྣམས་ནི། རང་གི་དག་དང་འོག་མ་ཡིན། །འཕགས་པའི་སེ
1321	41	རྣམ་པར་ཐར་པ་འདི་དག་ལས། །དང་པོ་འདོད་གཏོགས་སྣང་ཡུལ་ཅན། །འདི་དག
1322	60	གང་དག་གཟུགས་ཅན་མིན་དེ་དག །སྤྱོད་ཡུལ་གོང་དང་རང་གི་སའི། །སྡུག་
1323	60	སོ་སོར་མ་བརྟགས་པས་འགོག་པ་ཡང་ཡིན་ནོ་ཞེས་བརྗོད་པར་བྱའོ། །ནམ་མཁ
1324	150	ཅིའི་ཕྱིར་སྡུག་པའི་རྣམ་པར་ཐར་པ་སྐྱེད་པར་བྱེད་ཅེ་ན། མི་སྡུག་པ
1325	37	ཅིའི་ཕྱིར་གསུམ་པ་དང་བརྒྱད་པ་དག་ཁོ་ན་མངོན་སུམ་དུ་བྱ་བར་བཤད་ལ་
1326	244	ཟིལ་གྱིས་གནོན་པའི་སྐྱེ་མཆེད་བརྒྱད། །ནང་གཟུགས་སུ་འདུ་ཤེས་པས་ཕ
1327	53	ཟད་པར་བཅུའོ། །བར་ཆད་མེད་པར་ཟད་པར་རྒྱས་པར་བྱེད་པའི་ཕྱིར་ཟད་པར
1328	26	དེ་རྣམས་ལས། བརྒྱད་མ་ཆགས། དང་པོ་བརྒྱད་ནི་མ་ཆགས་པའི་རང་བཞིན་དག
1329	28	སྤྱོད་ཡུལ་ནི། འདོད་པ། འདོད་པ་ན་སྤྱོད་པའི་གཟུགས་ཀྱི་སྐྱེ་མཆེད
1330	24	དེ་གཉིས་ནི་གཟུགས་མེད་དག །ཟད་པར་གྱི་སྐྱེ་མཆེད་ཐ་མ་གཉིས་ནི་གཟུ
1331	20	སྤྱོད་ཡུལ་རང་གི་ཕུང་པོ་བཞི། །འདི་གཉིས་ཀྱི་དམིགས་པ་ནི་རང་གི་ས
1332	49	ཟིལ་གྱིས་གནོན་པའི་སྐྱེ་མཆེད་རྣམས་ནི་རྣམ་པར་ཐར་པ་འཇུག་པ་ལས་བྱ
1333	34	འགོག་པའི་རྣམ་པར་ཐར་པ་མ་གཏོགས་པ་རྣམ་པར་ཐར་པ་ལ་སོགས་པ་དེ་དག་ཐམ
1334	50	ཅི་རྣམ་པར་ཐར་པ་ལ་སོགས་པ་དེ་དག་སྦྱོར་བ་ལས་བྱུང་བ་ཡིན་ནམ་འདོད་
1335	46	ལྷག་མ་ནི། འདོད་ཆགས་བྲལ་དང་སྦྱོར་བས་འཐོབ། །འགོག་པ་ལས་གཞན་པའི་
1336	48	གཟུགས་མེད་ཅེས་བྱ་ཁམས་གསུམ་གྱི། །རྟེན་ཅན་ལྷག་མ་མི་ལས་སྐྱེ། །ག
1337	131	ཇི་ལྟར་ན་གཟུགས་དང་གཟུགས་མེད་པའི་ཁམས་དག་ཏུ་གཟུགས་མེད་པ་དང་བསམ
1338	68	གཟུགས་ཀྱི་ཁམས་སུ་བསམ་གཏན་རྣམས། །དེ་དག་དང་ཆོས་ཉིད་ཀྱིས་ཀྱང་། 
1339	70	གང་ལ་ཆོས་རྣམས་ཀྱི་རྣམ་པ་ནི་དུ་ཡོད། འདི་ལྟ་བུའི་མངོན་པའི་ཆོས་
1340	55	དེ་འཛིན་བྱེད་པ་སྨྲ་བྱེད་དང་། །སྒྲུབ་པར་བྱེད་པ་ཁོ་ན་ཡིན། །ལུང
1341	30	དེ་དག་ཀྱང་ལོ་སྟོང་དུ་གནས་སོ་ཞེས་བཤད་དོ། །གཞན་དག་ན་རེ་རྟོགས་པ
1342	117	ཅི་བསྟན་བཅོས་འདིར་ཆོས་མངོན་པ་བཤད་པ་གང་ཡིན་པའི་ཆོས་མངོན་པ་འདི
1343	33	སྟོན་པ་འཇིག་རྟེན་མིག་ནི་ཟུམ་གྱུར་ཅིང་། །དབང་གྱུར་སྐྱེ་བོ་ཕལ་
1344	32	རང་བྱུང་རང་བྱུང་བསྟན་པ་གཅེས་འཛིན་རྣམས། །མཆོག་ཏུ་ཞིར་གཤེགས་འག
1345	32	དེ་ལྟར་ཐུབ་པ་དག་གི་བསྟན་པ་ནི། །ལྐོག་མར་སྲོག་ཕྱིན་འདྲ་དང་དྲི་
1346	21	ཆོས་མངོན་པའི་མཛོད་ཀྱི་བཤད་པ་ལས་སྙོམས་པར་འཇུག་པ་བསྟན་པ་ཞེས་བྱ
1347	9	གནས་དགུ་པ། གང་ཟག་དགག་པ་བསྟན་པའི་བཤད་པ།
1348	43	 ཡང་ཅི་འདི་ལས་གཞན་ལ་ཐར་པ་ཡོད་དམ་ཞེ་ན། མེད་དོ། །ཅིའི་ཕྱིར་ཞེ་
1349	31	འོ་ན་ཅི་ཞེ་ན། རྫས་གཞན་ཁོ་ན་ལ་བདག་ཏུ་ཡོངས་སུ་རྟོགས་པར་བྱེད་ལ།
1350	210	བདག་ཏུ་མངོན་པར་བརྗོད་པ་འདི་ནི་ཕུང་པོའི་རྒྱུད་ཁོ་ན་ལ་འཇུག་གི 
1351	199	འོ་ན་གང་གནས་མའི་བུ་རྣམས་གང་ཟག་ཡོད་པར་འདོད་པ་ཇི་ལྟ་བུ། འདི་ནི
1352	21	འོ་ན་ཅི་ཞེ་ན། ད་ལྟར་གྱི་ནང་གི་ཟིན་པའི་ཕུང་པོ་རྣམས་རྒྱུར་བྱས་
1353	107	ལོང་བ་ལྟ་བུའི་ཚིག་དོན་མི་གསལ་བ་འདི་ནི་མི་གོའོ། །རྒྱུར་བྱས་ནས
1354	273	འོ་ན་ཇི་ལྟ་བུ་ཞེ་ན། ཇི་ལྟར་བུད་ཤིང་རྒྱུར་བྱས་ནས་མེ་འདོགས་པ་བ
1355	85	བུད་ཤིང་ལ་བརྟེན་ནས་མེ་འབྱུང་བ་དེ་ཡང་དཔེར་ན་འོ་མ་ལ་བརྟེན་ནས་ཞ
1356	165	འོན་ཏེ་ཤིང་ལ་སོགས་པ་འབར་བ་དེ་ཉིད་ལ་དྲོ་བ་ཉིད་ཡོད་པ་གང་ཡིན་པ་
1357	114	གང་ཡང་བུད་ཤིང་ལས་མེ་གཞན་ཡིན་ན་ནི་བུད་ཤིང་དྲོ་བ་ཉིད་མ་ཡིན་པར་
1358	85	འོན་ཏེ་ཤིང་ལ་སོགས་པ་འབར་བ་དེ་དག་ཐམས་ཅད་བུད་ཤིང་ཡང་ཡིན་ལ་མེ་ཡ
1359	77	གལ་ཏེ་ཡང་འདི་ཕུང་པོ་རྣམས་ལས་གཞན་དུ་བརྗོད་པར་བྱ་བ་མ་ཡིན་ན། ཤེ
1360	174	གང་གི་ཚེ་གང་ཟག་འདོགས་པ་ན་ཅི་རེ་ཞིག་ཕུང་པོ་རྣམས་དམིགས་ནས་འདོག
1361	279	ཇི་ལྟར་བྱས་པས་ཤེ་ན། གལ་ཏེ་མིག་གིས་རྣམ་པར་ཤེས་པར་བྱ་བའི་གཟུགས
1362	327	གང་ཡང་མིག་གིས་རྣམ་པར་ཤེས་པར་བྱ་བའི་གཟུགས་རྣམས་ལ་བརྟེན་ནས་གང་
1363	159	གལ་ཏེ་ཡང་འདི་ཡོད་ལ་གཟུགས་རྣམས་ཞེས་ཀྱང་བརྗོད་པར་མི་བྱ། གཟུགས་
1364	93	དེ་བཞིན་དུ་དགེ་སློང་མིག་གི་རྣམ་པར་ཤེས་པ་སྐྱེད་པ་ལ། རྒྱུ་ནི་མ
1365	104	འོན་ཏེ་དེའི་དམིགས་པ་གང་ཟག་མ་ཡིན་ན་འོ་ན་ནི་དེས་རྣམ་པར་ཤེས་པར་
1366	121	བྲམ་ཟེ་དབང་པོ་ལྔ་པོ་འདི་དག་ནི་སྤྱོད་ཡུལ་ཐ་དད་པ་ཅན་ཡིན་ཞིང་ཡུ
1367	181	ཡང་ན་གང་ཟག་ཡུལ་མ་ཡིན་པར་འགྱུར་རོ། །གལ་ཏེ་ཡུལ་མ་ཡིན་ནོ་ཞེ་ན། 
1368	203	བཅོམ་ལྡན་འདས་ཀྱིས་ཀྱང་དགེ་སློང་དག་མངོན་པར་ཤེས་པར་བྱ་བ་དང་། ཡ
1369	56	གང་ཟག་པ་རྣམས་མིག་གིས་གང་ཟག་བལྟའོ་ཞེས་གང་ཟག་ལྟ་བ་ནི་བདག་མེད་པ
1370	255	ངེས་པའི་དོན་གྱི་མདོ་ལས་ཀྱང་། མིག་དང་གཟུགས་རྣམས་ལ་བརྟེན་ནས་མི
1371	63	དེ་བཞིན་དུ་བྲམ་ཟེ་ཐམས་ཅད་ཡོད་དོ་ཞེས་བྱ་བ་ནི་འདི་ལྟ་སྟེ། སྐྱེ
1372	51	དེ་དག་གི་ལྟར་ན་ཡང་འདི་སྐད་དུ་དགེ་སློང་མི་ཇི་སྙེད་པ་དང་། གཟུག
1373	61	གཟུགས་ཅན་སྙིང་པོའི་མདོ་ལས་ཀྱང་། དགེ་སློང་དག་བདག་དང་བདག་གི་ཞེ
1374	9	དགྲ་བཅོམ་པ་དྲུག་གིས་ཀྱང་བདུད་ལས་བརྩམས་ནས།
1375	49	 སེམས་ཅན་ཞེས་བྱ་བདུད་ཅི་སེམས། །ཁྱོད་ནི་ལྟ་བར་གྱུར་པ་ཡིན། །འད
1376	14	ལུང་ཕྲན་ཚེགས་ལས་ཀྱང་། བྲམ་ཟེ་རྒྱ་ཤུག་གི་བུའི་དབང་དུ་བྱས་ནས།
1377	100	 ཇི་ལྟར་སེམས་ནི་ཀུན་ཉོན་མོངས། །ཇི་ལྟར་སེམས་ནི་རྣམ་བྱང་དང་། །
1378	82	དེ་བཞིན་དུ་བདག་ཏུ་དམིགས་པ་ལ་ཉེས་དམིགས་ལྔ་ཡོད་དོ། །བདག་ཏུ་ལྟ་
1379	123	དེ་དག་ནི་གཞུང་འདི་ཚད་མར་མི་བྱེད་པ་ཉིད་དོ། །ཅིའི་ཕྱིར་ཞེ་ན། འ
1380	61	འདི་ནི་མི་རིགས་པར་ཞུགས་པ་ཡིན་ནོ། །འདིར་མི་རིགས་པ་གང་ཞིག་ཡིན་
1381	168	གཞན་ཡང་དེ་དག་ལ་ཆོས་ཐམས་ཅད་ནི་བདག་མེད་པའོ་ཞེས་བྱ་བའི་མདོ་འདི་
1382	200	མདོ་གཞན་ལས། དགེ་སློང་དག་དགེ་སྦྱོང་ངམ་བྲམ་ཟེ་གང་ལ་ལ་བདག་གོ་སྙ
1383	148	གལ་ཏེ་དེ་ལྟར་ན་འོ་ན་ནི་སངས་རྒྱས་ཐམས་ཅད་མཁྱེན་པ་མ་ཡིན་པར་འགྱུ
1384	2	འདིར་སྨྲས་པ།
1385	24	 རྒྱུན་གྱིས་སྤྱོད་པའི་ཕྱིར་ན་དཔེར། །མེ་ཡིས་ཐམས་ཅད་སྲེག་འདོད་
1386	15	འདི་ཇི་ལྟར་ཁོང་དུ་ཆུད་ཅེ་ན། འདས་པ་ལ་སོགས་པ་གསུངས་པའི་ཕྱིར་ཏེ
1387	28	 རྫོགས་སངས་རྒྱས་འདས་གང་དག་དང་། །སངས་རྒྱས་མ་བྱོན་གང་དག་དང་། །
1388	214	ཁྱེད་ཅག་ཀྱང་ཕུང་པོ་རྣམས་ཁོ་ན་དུས་གསུམ་པ་ཡིན་པར་འདོད་ཀྱི་གང་ཟ
1389	50	གང་ཟག་ནི་ཡོད་པ་ཉིད་དེ། འདི་ལྟར་སེམས་ཅན་སྐྱེ་བ་པ་མེད་དོ་ཞེས་ཟ
1390	111	དེ་ལྟ་བས་ན་འདི་ནི་གང་ཞིག་ཕ་རོལ་དུ་སྐྱེ་བ་པ་སེམས་ཅན་ཞེས་བྱ་བ་
1391	61	གལ་ཏེ་འཇིག་རྟེན་ན་ཡང་གང་ཟག་གཅིག་པུ་སྐྱེ་བ་ན་སྐྱེའོ་ཞེས་གསུངས
1392	116	ཡང་ན་གང་ཟག་འདུས་བྱས་ཡིན་ནོ་ཞེས་བྱ་བར་བརྗོད་པར་བྱ་སྟེ། སྐྱེ་བ
1393	100	བཅོམ་ལྡན་འདས་ཀྱིས་དོན་དམ་པ་སྟོང་པ་ཉིད་ཀྱི་མདོ་ཁོ་ན་ལས། དགེ་ས
1394	121	རེ་ཞིག་ཁྱོད་མཆོད་སྦྱིན་པ་ནས་རྒ་བའི་བར་གང་གི་དབང་དུ་བྱས་ནས་དཔ
1395	39	གལ་ཏེ་ཡང་ཕུང་པོ་རྣམས་ནི་སྔོན་མེད་པ་ལས་སྐྱེས་པ་ཡིན་ལ། གང་ཟག་ན
1396	85	ཕུང་པོ་ནི་ལྔའོ། །གང་ཟག་ནི་གཅིག་གོ་ཞེས་སྨྲ་བས་ཇི་ལྟར་ན་གཞན་ཉི
1397	396	གལ་ཏེ་ཕུང་པོ་ཙམ་གང་ཟག་ཡིན་ན་ཅིའི་ཕྱིར་བཅོམ་ལྡན་འདས་ཀྱིས་སྲོག
1398	253	ཅིའི་ཕྱིར་བཅོམ་ལྡན་འདས་ཀྱིས་ཀྱང་མེད་པ་ཁོ་ནའོ་ཞེས་མ་གསུངས་ཤེ་
1399	24	བདག་ཡོད་ཉིད་དུ་ཁས་བླངས་ནས། །ལྟ་བའི་མཆེ་བས་སྨས་པར་གྱུར། །ཀུན་
1400	26	ཡང་སྨྲས་པ། མེད་ཕྱིར་བཅོམ་ལྡན་འདས་ཀྱིས་སྲོག །དེ་ཉིད་གཞན་དུ་མ་
1401	24	ཕུང་པོའི་རྒྱུ་ནི་གང་ལ་དགེ །མི་དགེའི་འབྲས་བུ་ཡོད་པ་ཉིད། །དེ་ལ
1402	24	སྲོག་ཅེས་བྱ་བ་ཕུང་པོ་ལ། །བཏགས་ཙམ་ཞེས་ཀྱང་མ་གསུངས་ཏེ། །དེ་ཚེའ
1403	24	འདི་ལྟར་གནས་པས་བདག་ཡོད་དམ། །མེད་ཅེས་དྲི་བ་འདྲི་བ་ཡི། །བསམ་པ་
1404	184	འཇིག་རྟེན་རྟག་ཅེས་བྱ་བ་ལ་སོགས་པ་ཡང་འདྲི་བ་པོའི་བསམ་པ་ལ་ལྟོས་
1405	97	དེ་ཉིད་ཀྱི་ཕྱིར་འཇིག་རྟེན་མཐའ་དང་ལྡན་ཞེས་བྱ་བ་ལ་སོགས་པ་རྣམ་པ
1406	43	དེ་བཞིན་འོངས་པ་ཤི་ཕན་ཆད་ཡོད་དམ་ཞེས་བྱ་བ་བཞི་ཚན་འདི་ཡང་དྲི་བ་
1407	107	གང་ཟག་པ་རྣམས་ལ་བརྒལ་ཞིང་བརྟག་པར་བྱ་སྟེ། བཅོམ་ལྡན་འདས་ཀྱིས་ཅི
1408	168	གལ་ཏེ་ཡང་བཅོམ་ལྡན་འདས་ཀྱིས་གང་ཟག་སྔར་གཟིགས་ལ་ཡོངས་སུ་མྱ་ངན་ལ
1409	69	ཆོས་མངོན་པ་པ་རྣམས་ན་རེ་འདི་གཉི་ག་ཡང་མཐར་འཛིན་པ་ཡིན་ཏེ། རྟག་པ
1410	63	གལ་ཏེ་ཡང་གང་ཟག་མེད་ན་འཁོར་བ་འདི་སུའི་ཡིན། འཁོར་བ་ཉིད་འཁོར་བར
1411	31	ཇི་ལྟར་མེ་སྐད་ཅིག་མ་ཡིན་ཡང་རྒྱུན་གྱིས་དྲོ་བ་དེ་བཞིན་དུ་སྲེད་
1412	32	གལ་ཏེ་འདི་ཕུང་པོ་ཙམ་ཡིན་ན་ཅིའི་ཕྱིར་བཅོམ་ལྡན་འདས་ཀྱིས་ང་ཉིད་
1413	61	ཅིའི་ཕྱིར་གསུང་བར་མི་འགྱུར། ཕུང་པོ་རྣམས་གཞན་ཡིན་པའི་ཕྱིར་རོ།
1414	114	གལ་ཏེ་ཡང་བདག་དེ་ཡོད་པར་གྱུར་ན་དེ་བཞིན་གཤེགས་པ་རྣམས་ཀྱིས་ཤིན་
1415	76	འོན་ཏེ་བདག་ལ་ཆགས་པ་མི་འབྱུང་བ་ཁོ་ནའོ་ཞེས་བྱ་བར་འདོད་ན། དེ་ནི
1416	32	མུ་སྟེགས་བྱེད་གང་དག་བདག་རྫས་གཞན་ཁོ་ན་ཡིན་པར་སེམས་པ་དེ་དག་གི་
1417	178	འོ་ན་གལ་ཏེ་བདག་རྣམ་པ་ཐམས་ཅད་དུ་མེད་ན་སེམས་སྐད་ཅིག་མ་རྣམས་ལ་ཉ
1418	32	ད་ནི་ཇི་ལྟར་ན་སེམས་གཞན་གྱིས་མཐོང་ལ་གཞན་གྱིས་དྲན་དེ་ལྟར་ན་ནི་
1419	92	མ་ཡིན་ཏེ་འབྲེལ་པ་མེད་པའི་ཕྱིར་རོ། །དེ་གཉིས་ནི་རྒྱུ་དང་འབྲས་བ
1420	360	བདག་མེད་ན་སུ་ཞིག་གིས་དེ་ལྟར་དྲན། དྲན་ཞེས་བྱ་བའི་དོན་ཅི་ཡིན། 
1421	198	དེ་བཞིན་དུ་སུ་ཞིག་གིས་རྣམ་པར་ཤེས། སུའི་རྣམ་པར་ཤེས་པ་ཡིན་ཞེས་
1422	110	ལྷ་སྦྱིན་ཇི་ལྟར་འགྲོ་ཞེ་ན། འདུ་བྱེད་སྐད་ཅིག་པ་རྒྱུན་ཐ་མི་དད་
1423	169	འོ་ན་གང་མདོ་ལས་རྣམ་པར་ཤེས་པས་རྣམ་པར་ཤེས་སོ་ཞེས་གསུངས་པ་དེ་ལ་
1424	99	གཞན་ཡང་ཇི་ལྟར་སྒྲོན་མ་འགྲོ་བ་ལྟར་རྣམ་པར་ཤེས་པས་རྣམ་པར་ཤེས་སོ
1425	36	ཡང་ན་ཇི་ལྟར་གཟུགས་འགྱུར་རོ། །སྐྱེའོ་གནས་སོ་ཞེས་བྱ་བ་འདི་ལ་འག
1426	424	གལ་ཏེ་རྣམ་པར་ཤེས་པ་ལས་རྣམ་པར་ཤེས་པ་སྐྱེའི་བདག་ལས་མ་ཡིན་ན་ཅིའ
1427	298	ཞེས་བཤད་ན། གཟུགས་ཅན་མ་ཡིན་པ་སེམས་ཀྱི་བྱེ་བྲག་རྣམས་ལྟ་སྨོས་ཀྱ
1428	15	གལ་ཏེ་བདག་ཡོད་ན་དེ་གཉིས་སྲིད་དོ་ཞེ་ན་ནི། ཚིག་ཙམ་དུ་ཟད་དོ། །
1429	194	གལ་ཏེ་དེ་ནི་རྟེན་ཡིན་ནོ་ཞེ་ན། དཔེར་ན་གང་གི་རྟེན་གང་ཡིན་པ་ལྟ་
1430	67	འདུ་བྱེད་ཀྱི་ཁྱད་པར་ལ་ལྟོས་པ་ཡིན་དུ་ཟིན་ཀྱང་ཅིའི་ཕྱིར་ཤེས་པ་
1431	125	གལ་ཏེ་བདག་ནི་གདོན་མི་ཟ་བར་ཁས་བླང་བར་བྱ་སྟེ། དྲན་པ་ལ་སོགས་པ་ན
1432	22	བདག་མེད་ན་ཅིའི་ཕྱིར་ལས་རྩོམ། བདག་བདེ་བར་གྱུར་ཅིག །བདག་སྡུག་བ
1433	110	ཡང་བདག་ཅེས་བྱ་བ་ཡང་གང་ཞིག་ཡིན། བདག་ཏུ་འཛིན་པ་འདིའི་ཡུལ་གང་ཡི
1434	124	བདག་ལ་ཕན་འདོགས་པའི་ལུས་ལ་ཡང་བདག་ཉེ་བར་འདོགས་ཏེ། དཔེར་ན་བདག་ག
1435	77	གལ་ཏེ་བདག་མེད་པ་ན་བདག་ཏུ་འཛིན་པ་ནི་སུའི་ཡིན། འདི་ནི་དྲུག་པ་འ
1436	56	བདག་མེད་ན་བདེ་བའམ་སྡུག་བསྔལ་བ་སུ་ཞིག་ཡིན། རྟེན་གང་བདེ་བའམ་སྡ
1437	257	བདག་མེད་ན་ལས་རྣམས་ཀྱི་བྱེད་པ་པོ་ནི་གང་ཡིན། འབྲས་བུ་རྣམས་ཀྱི་
1438	44	གང་ཞིག་གང་གི་རྒྱུའི་གཙོ་བོ་ཡིན་པ་དེ་ནི་དེའི་བྱེད་པ་པོ་ཞེས་བྱ
1439	86	དྲན་པ་ལས་ནི་འདུན་པ་སྐྱེའོ། །འདུན་པ་ལས་ནི་རྟོག་པ་སྐྱེའོ། །རྣམ
1440	51	བདག་མེད་ན་ཅིའི་ཕྱིར་སེམས་ཅན་གྱི་རྟེན་མ་ཡིན་པ་ལ་ཡང་སྡིག་པ་དང་
1441	87	བདག་མེད་ན་ཇི་ལྟར་ན་ལས་ཞིག་ཟིན་པ་ལས་ཚེ་ཕྱི་མ་ལ་འབྲས་བུ་འབྱུང་
1442	366	ཁོ་བོ་ཅག་ཀྱང་ལས་ཞིག་ཟིན་པ་ལ་ཚེ་ཕྱི་མ་ལ་འབྲས་བུ་འབྱུང་བར་མི་ས
1443	83	དེ་ལ་རྣམ་པར་སྨིན་པའི་རྒྱུས་བསྐྱེད་པ་རྣམ་པར་སྨིན་པའི་འབྲས་བུ་
1444	171	ཡང་ཅིའི་ཕྱིར་ས་བོན་གྱི་འབྲས་བུ་བཞིན་དུ་རྣམ་པར་སྨིན་པ་གཞན་མི་
1445	75	ཡང་ན་དེ་ནི་འདི་ལྟར་ཤེས་པར་བྱ་སྟེ། ཇི་ལྟར་མ་དུ་ལུང་གའི་མེ་ཏོག
1446	60	ཆེ་ལོང་ཙམ་འདི་ནི་བདག་གི་བློས་རྟོགས་པར་བྱ་བ་རབ་ཏུ་བསྟན་པ་ཡིན་
1447	26	ཡང་སྨྲས་པ། ལས་དང་དེའི་བསྒོས་དེའི་འཇུག་རྙེད། །དེ་ལས་འབྲས་བུ་ས
1448	39	དེ་ལྟར་སངས་རྒྱས་རྣམས་ཀྱི་གསུང་རབ་རིགས་པའི་ལམ། །ལེགས་པར་གསུངས
1449	33	དེ་བཞིན་གཤེགས་པ་ཉི་མའི་གསུང་འོད་ཀྱིས། །སྣང་ལྡན་མྱ་ངན་འདས་གྲོ
1450	24	དེ་ལྟར་འདི་ནི་ཕྱོགས་ཙམ་ཞིག །རང་གི་མཐུ་ཡིས་རྣམ་འཕེལ་བའི། །དུག
1451	38	ཆོས་མངོན་པའི་མཛོད་ལས་གང་ཟག་དགག་པ་བསྟན་པ་ཞེས་བྱ་བ་མཛོད་ཀྱི་གན
1452	28	རྒྱ་གར་གྱི་མཁན་པོ་ཛི་ན་མི་ཏྲ་དང་། ཞུ་ཆེན་གྱི་ལོ་ཙཱ་བ་བན་དེ་ད
